Trawl,decimalLongitude,decimalLatitude,Date/time (UTC),Sample,Species (consumer),Stomachs analyzed,"Consumer's average weight, g","Consumer's average length,cm","Food weight, g",Number of empty stomachs (fullness score - 0),Number of stomachs with middle fullness (fullness score - 1-2),Number of full stomachs (fullness score - 3-4),"Proportion of fresh food, %",Prey name,"Prey proportion in the sample, %","Digestion level (I) proportion, %","Digestion level (II) proportion, %","Digestion level (III) proportion, %","Digestion level (IV) proportion, %","Index of stomach fulness (ISF) for the prey, prodecimilles (o/ооо)",project,cruise,station,eventID,eventDate,Year,Month,Day,footprintWKT,coordinateUncertaintyInMeters
3,-136.98333333333332,47.42166666666667,2020-03-15T18:13:00Z,1,Oncorhynchus gorbuscha,14,263,30.9,1.5,7,7,0,9,Themisto pacifica,73,0,50,50,0,2.97392721347094,IYS,IYS:GoA2020,IYS:GoA2020:Stn3,IYS:GoA2020:Stn3:trawl,2020-03-15T18:13:00Z,2020,3,15,POINT  ( -136.983333333333   47.4216666666667 ),0
3,-136.98333333333332,47.42166666666667,2020-03-15T18:13:00Z,1,Oncorhynchus gorbuscha,14,263,30.9,1.5,7,7,0,9,Hyperia medusarium,5,100,0,0,0,0.20369364475828355,IYS,IYS:GoA2020,IYS:GoA2020:Stn3,IYS:GoA2020:Stn3:trawl,2020-03-15T18:13:00Z,2020,3,15,POINT  ( -136.983333333333   47.4216666666667 ),0
3,-136.98333333333332,47.42166666666667,2020-03-15T18:13:00Z,1,Oncorhynchus gorbuscha,14,263,30.9,1.5,7,7,0,9,Epilabidocera amphitrites,1,100,0,0,0,0.040738728951656714,IYS,IYS:GoA2020,IYS:GoA2020:Stn3,IYS:GoA2020:Stn3:trawl,2020-03-15T18:13:00Z,2020,3,15,POINT  ( -136.983333333333   47.4216666666667 ),0
3,-136.98333333333332,47.42166666666667,2020-03-15T18:13:00Z,1,Oncorhynchus gorbuscha,14,263,30.9,1.5,7,7,0,9,Limacina helicina,4,50,50,0,0,0.16295491580662685,IYS,IYS:GoA2020,IYS:GoA2020:Stn3,IYS:GoA2020:Stn3:trawl,2020-03-15T18:13:00Z,2020,3,15,POINT  ( -136.983333333333   47.4216666666667 ),0
3,-136.98333333333332,47.42166666666667,2020-03-15T18:13:00Z,1,Oncorhynchus gorbuscha,14,263,30.9,1.5,7,7,0,9,Thysanoessa inspinata,2,50,50,0,0,0.08147745790331343,IYS,IYS:GoA2020,IYS:GoA2020:Stn3,IYS:GoA2020:Stn3:trawl,2020-03-15T18:13:00Z,2020,3,15,POINT  ( -136.983333333333   47.4216666666667 ),0
3,-136.98333333333332,47.42166666666667,2020-03-15T18:13:00Z,1,Oncorhynchus gorbuscha,14,263,30.9,1.5,7,7,0,9,Digested food,15,0,0,0,100,0.6110809342748507,IYS,IYS:GoA2020,IYS:GoA2020:Stn3,IYS:GoA2020:Stn3:trawl,2020-03-15T18:13:00Z,2020,3,15,POINT  ( -136.983333333333   47.4216666666667 ),0
3,-136.98333333333332,47.42166666666667,2020-03-15T18:13:00Z,2,Oncorhynchus keta,13,958,45.4,44,1,12,0,0,Coelenterata gen. sp.,89,0,0,0,100,31.44371286333708,IYS,IYS:GoA2020,IYS:GoA2020:Stn3,IYS:GoA2020:Stn3:trawl,2020-03-15T18:13:00Z,2020,3,15,POINT  ( -136.983333333333   47.4216666666667 ),0
3,-136.98333333333332,47.42166666666667,2020-03-15T18:13:00Z,2,Oncorhynchus keta,13,958,45.4,44,1,12,0,0,Limacina helicina,0.5,0,100,0,0,0.17665007226593865,IYS,IYS:GoA2020,IYS:GoA2020:Stn3,IYS:GoA2020:Stn3:trawl,2020-03-15T18:13:00Z,2020,3,15,POINT  ( -136.983333333333   47.4216666666667 ),0
3,-136.98333333333332,47.42166666666667,2020-03-15T18:13:00Z,2,Oncorhynchus keta,13,958,45.4,44,1,12,0,0,Oikopleura labradoriensis,9.5,0,0,100,0,3.3563513730528345,IYS,IYS:GoA2020,IYS:GoA2020:Stn3,IYS:GoA2020:Stn3:trawl,2020-03-15T18:13:00Z,2020,3,15,POINT  ( -136.983333333333   47.4216666666667 ),0
3,-136.98333333333332,47.42166666666667,2020-03-15T18:13:00Z,2,Oncorhynchus keta,13,958,45.4,44,1,12,0,0,Euphausiidae gen. sp.,1,0,0,100,0,0.3533001445318773,IYS,IYS:GoA2020,IYS:GoA2020:Stn3,IYS:GoA2020:Stn3:trawl,2020-03-15T18:13:00Z,2020,3,15,POINT  ( -136.983333333333   47.4216666666667 ),0
3,-136.98333333333332,47.42166666666667,2020-03-15T18:13:00Z,3,Oncorhynchus keta,23,322,31.4,43,2,21,0,1,Coelenterata gen. sp.,75,0,0,0,100,43.54577369700243,IYS,IYS:GoA2020,IYS:GoA2020:Stn3,IYS:GoA2020:Stn3:trawl,2020-03-15T18:13:00Z,2020,3,15,POINT  ( -136.983333333333   47.4216666666667 ),0
3,-136.98333333333332,47.42166666666667,2020-03-15T18:13:00Z,3,Oncorhynchus keta,23,322,31.4,43,2,21,0,1,Epilabidocera amphitrites,1,0,100,0,0,0.5806103159600324,IYS,IYS:GoA2020,IYS:GoA2020:Stn3,IYS:GoA2020:Stn3:trawl,2020-03-15T18:13:00Z,2020,3,15,POINT  ( -136.983333333333   47.4216666666667 ),0
3,-136.98333333333332,47.42166666666667,2020-03-15T18:13:00Z,3,Oncorhynchus keta,23,322,31.4,43,2,21,0,1,Oikopleura labradoriensis,22,0,100,0,0,12.773426951120713,IYS,IYS:GoA2020,IYS:GoA2020:Stn3,IYS:GoA2020:Stn3:trawl,2020-03-15T18:13:00Z,2020,3,15,POINT  ( -136.983333333333   47.4216666666667 ),0
3,-136.98333333333332,47.42166666666667,2020-03-15T18:13:00Z,3,Oncorhynchus keta,23,322,31.4,43,2,21,0,1,Themisto pacifica,1,100,0,0,0,0.5806103159600324,IYS,IYS:GoA2020,IYS:GoA2020:Stn3,IYS:GoA2020:Stn3:trawl,2020-03-15T18:13:00Z,2020,3,15,POINT  ( -136.983333333333   47.4216666666667 ),0
3,-136.98333333333332,47.42166666666667,2020-03-15T18:13:00Z,3,Oncorhynchus keta,23,322,31.4,43,2,21,0,1,Limacina helicina,1,0,100,0,0,0.5806103159600324,IYS,IYS:GoA2020,IYS:GoA2020:Stn3,IYS:GoA2020:Stn3:trawl,2020-03-15T18:13:00Z,2020,3,15,POINT  ( -136.983333333333   47.4216666666667 ),0
4,-138.51166666666666,47.4,2020-03-16T05:19:00Z,4,Oncorhynchus kisutch,9,594,37.8,18,3,6,0,0,Okutania anonycha,100,0,0,100,0,33.67003367003367,IYS,IYS:GoA2020,IYS:GoA2020:Stn4,IYS:GoA2020:Stn4:trawl,2020-03-16T05:19:00Z,2020,3,16,POINT  ( -138.511666666667   47.4 ),0
4,-138.51166666666666,47.4,2020-03-16T05:19:00Z,5,Oncorhynchus kisutch,18,836,42.4,52,7,11,0,1,Okutania anonycha,97,0,0,70,30,33.51940457203615,IYS,IYS:GoA2020,IYS:GoA2020:Stn4,IYS:GoA2020:Stn4:trawl,2020-03-16T05:19:00Z,2020,3,16,POINT  ( -138.511666666667   47.4 ),0
4,-138.51166666666666,47.4,2020-03-16T05:19:00Z,5,Oncorhynchus kisutch,18,836,42.4,52,7,11,0,1,Themisto pacifica,1,100,0,0,0,0.34556087187666135,IYS,IYS:GoA2020,IYS:GoA2020:Stn4,IYS:GoA2020:Stn4:trawl,2020-03-16T05:19:00Z,2020,3,16,POINT  ( -138.511666666667   47.4 ),0
4,-138.51166666666666,47.4,2020-03-16T05:19:00Z,5,Oncorhynchus kisutch,18,836,42.4,52,7,11,0,1,Myctophidae,1,0,0,0,100,0.34556087187666135,IYS,IYS:GoA2020,IYS:GoA2020:Stn4,IYS:GoA2020:Stn4:trawl,2020-03-16T05:19:00Z,2020,3,16,POINT  ( -138.511666666667   47.4 ),0
4,-138.51166666666666,47.4,2020-03-16T05:19:00Z,5,Oncorhynchus kisutch,18,836,42.4,52,7,11,0,1,Digested food,1,0,0,0,100,0.34556087187666135,IYS,IYS:GoA2020,IYS:GoA2020:Stn4,IYS:GoA2020:Stn4:trawl,2020-03-16T05:19:00Z,2020,3,16,POINT  ( -138.511666666667   47.4 ),0
4,-138.51166666666666,47.4,2020-03-16T05:19:00Z,6,Oncorhynchus keta,3,932,45.6,4,1,2,0,0,Coelenterata gen. sp.,99,0,0,0,100,14.163090128755364,IYS,IYS:GoA2020,IYS:GoA2020:Stn4,IYS:GoA2020:Stn4:trawl,2020-03-16T05:19:00Z,2020,3,16,POINT  ( -138.511666666667   47.4 ),0
4,-138.51166666666666,47.4,2020-03-16T05:19:00Z,6,Oncorhynchus keta,3,932,45.6,4,1,2,0,0,Euphausiidae gen. sp.,1,0,0,100,0,0.1430615164520744,IYS,IYS:GoA2020,IYS:GoA2020:Stn4,IYS:GoA2020:Stn4:trawl,2020-03-16T05:19:00Z,2020,3,16,POINT  ( -138.511666666667   47.4 ),0
4,-138.51166666666666,47.4,2020-03-16T05:19:00Z,7,Oncorhynchus keta,7,1470,52.6,15,1,6,0,0,copepoda gen. sp.,0.5,0,0,100,0,0.0728862973760933,IYS,IYS:GoA2020,IYS:GoA2020:Stn4,IYS:GoA2020:Stn4:trawl,2020-03-16T05:19:00Z,2020,3,16,POINT  ( -138.511666666667   47.4 ),0
4,-138.51166666666666,47.4,2020-03-16T05:19:00Z,7,Oncorhynchus keta,7,1470,52.6,15,1,6,0,0,Euphausiidae gen. sp.,0.5,0,0,100,0,0.0728862973760933,IYS,IYS:GoA2020,IYS:GoA2020:Stn4,IYS:GoA2020:Stn4:trawl,2020-03-16T05:19:00Z,2020,3,16,POINT  ( -138.511666666667   47.4 ),0
4,-138.51166666666666,47.4,2020-03-16T05:19:00Z,7,Oncorhynchus keta,7,1470,52.6,15,1,6,0,0,Coelenterata gen. sp.,99,0,0,0,100,14.431486880466473,IYS,IYS:GoA2020,IYS:GoA2020:Stn4,IYS:GoA2020:Stn4:trawl,2020-03-16T05:19:00Z,2020,3,16,POINT  ( -138.511666666667   47.4 ),0
5,-138.53833333333333,47.33166666666666,2020-03-16T07:30:00Z,8,Oncorhynchus kisutch,2,658,38.6,10,0,2,0,0,Okutania anonycha,100,0,50,50,0,75.98784194528875,IYS,IYS:GoA2020,IYS:GoA2020:Stn5,IYS:GoA2020:Stn5:trawl,2020-03-16T07:30:00Z,2020,3,16,POINT  ( -138.538333333333   47.3316666666667 ),0
7,-141.49166666666667,47.44166666666667,2020-03-17T02:08:00Z,9,Oncorhynchus gorbuscha,2,520,37.6,5,0,2,0,18,Aglantha digitale,10,100,0,0,0,4.807692307692308,IYS,IYS:GoA2020,IYS:GoA2020:Stn7,IYS:GoA2020:Stn7:trawl,2020-03-17T02:08:00Z,2020,3,17,POINT  ( -141.491666666667   47.4416666666667 ),0
7,-141.49166666666667,47.44166666666667,2020-03-17T02:08:00Z,9,Oncorhynchus gorbuscha,2,520,37.6,5,0,2,0,18,Limacina helicina,4,100,0,0,0,1.9230769230769234,IYS,IYS:GoA2020,IYS:GoA2020:Stn7,IYS:GoA2020:Stn7:trawl,2020-03-17T02:08:00Z,2020,3,17,POINT  ( -141.491666666667   47.4416666666667 ),0
7,-141.49166666666667,47.44166666666667,2020-03-17T02:08:00Z,9,Oncorhynchus gorbuscha,2,520,37.6,5,0,2,0,18,Tarletonbeania crenularis,40,0,100,0,0,19.230769230769234,IYS,IYS:GoA2020,IYS:GoA2020:Stn7,IYS:GoA2020:Stn7:trawl,2020-03-17T02:08:00Z,2020,3,17,POINT  ( -141.491666666667   47.4416666666667 ),0
7,-141.49166666666667,47.44166666666667,2020-03-17T02:08:00Z,9,Oncorhynchus gorbuscha,2,520,37.6,5,0,2,0,18,Themisto pacifica,2,100,0,0,0,0.9615384615384617,IYS,IYS:GoA2020,IYS:GoA2020:Stn7,IYS:GoA2020:Stn7:trawl,2020-03-17T02:08:00Z,2020,3,17,POINT  ( -141.491666666667   47.4416666666667 ),0
7,-141.49166666666667,47.44166666666667,2020-03-17T02:08:00Z,9,Oncorhynchus gorbuscha,2,520,37.6,5,0,2,0,18,Tomopteris sp.,40,0,20,80,0,19.230769230769234,IYS,IYS:GoA2020,IYS:GoA2020:Stn7,IYS:GoA2020:Stn7:trawl,2020-03-17T02:08:00Z,2020,3,17,POINT  ( -141.491666666667   47.4416666666667 ),0
7,-141.49166666666667,47.44166666666667,2020-03-17T02:08:00Z,9,Oncorhynchus gorbuscha,2,520,37.6,5,0,2,0,18,Ostracoda,1,100,0,0,0,0.48076923076923084,IYS,IYS:GoA2020,IYS:GoA2020:Stn7,IYS:GoA2020:Stn7:trawl,2020-03-17T02:08:00Z,2020,3,17,POINT  ( -141.491666666667   47.4416666666667 ),0
7,-141.49166666666667,47.44166666666667,2020-03-17T02:08:00Z,9,Oncorhynchus gorbuscha,2,520,37.6,5,0,2,0,18,Larvae pisces,2,0,100,0,0,0.9615384615384617,IYS,IYS:GoA2020,IYS:GoA2020:Stn7,IYS:GoA2020:Stn7:trawl,2020-03-17T02:08:00Z,2020,3,17,POINT  ( -141.491666666667   47.4416666666667 ),0
7,-141.49166666666667,47.44166666666667,2020-03-17T02:08:00Z,9,Oncorhynchus gorbuscha,2,520,37.6,5,0,2,0,18,Epilabidocera amphitrites,1,100,0,0,0,0.48076923076923084,IYS,IYS:GoA2020,IYS:GoA2020:Stn7,IYS:GoA2020:Stn7:trawl,2020-03-17T02:08:00Z,2020,3,17,POINT  ( -141.491666666667   47.4416666666667 ),0
3,-136.98333333333332,47.42166666666667,2020-03-15T18:13:00Z,10,Oncorhynchus keta,3,1445,52.4,15,0,3,0,0,Coelenterata gen. sp.,50,0,0,0,100,17.301038062283737,IYS,IYS:GoA2020,IYS:GoA2020:Stn3,IYS:GoA2020:Stn3:trawl,2020-03-15T18:13:00Z,2020,3,15,POINT  ( -136.983333333333   47.4216666666667 ),0
3,-136.98333333333332,47.42166666666667,2020-03-15T18:13:00Z,10,Oncorhynchus keta,3,1445,52.4,15,0,3,0,0,Oikopleura labradoriensis,50,0,100,0,0,17.301038062283737,IYS,IYS:GoA2020,IYS:GoA2020:Stn3,IYS:GoA2020:Stn3:trawl,2020-03-15T18:13:00Z,2020,3,15,POINT  ( -136.983333333333   47.4216666666667 ),0
8,-142.98,47.43,2020-03-17T11:02:00Z,11,Oncorhynchus mykiss,1,555,40.1,2,0,1,0,70,Abraliopsis felis,70,100,0,0,0,25.225225225225223,IYS,IYS:GoA2020,IYS:GoA2020:Stn8,IYS:GoA2020:Stn8:trawl,2020-03-17T11:02:00Z,2020,3,17,POINT  ( -142.98   47.43 ),0
8,-142.98,47.43,2020-03-17T11:02:00Z,11,Oncorhynchus mykiss,1,555,40.1,2,0,1,0,70,Thysanoessa longipes,29,0,70,0,30,10.45045045045045,IYS,IYS:GoA2020,IYS:GoA2020:Stn8,IYS:GoA2020:Stn8:trawl,2020-03-17T11:02:00Z,2020,3,17,POINT  ( -142.98   47.43 ),0
8,-142.98,47.43,2020-03-17T11:02:00Z,11,Oncorhynchus mykiss,1,555,40.1,2,0,1,0,70,Gastropoda,1,0,100,0,0,0.3603603603603604,IYS,IYS:GoA2020,IYS:GoA2020:Stn8,IYS:GoA2020:Stn8:trawl,2020-03-17T11:02:00Z,2020,3,17,POINT  ( -142.98   47.43 ),0
9,-143.01166666666666,48.395,2020-03-17T20:39:00Z,12,Oncorhynchus kisutch,2,786,41.9,3,0,2,0,0,Okutania anonycha,94,0,0,0,100,17.93893129770992,IYS,IYS:GoA2020,IYS:GoA2020:Stn9,IYS:GoA2020:Stn9:trawl,2020-03-17T20:39:00Z,2020,3,17,POINT  ( -143.011666666667   48.395 ),0
9,-143.01166666666666,48.395,2020-03-17T20:39:00Z,12,Oncorhynchus kisutch,2,786,41.9,3,0,2,0,0,copepoda gen. sp.,2,0,100,0,0,0.38167938931297707,IYS,IYS:GoA2020,IYS:GoA2020:Stn9,IYS:GoA2020:Stn9:trawl,2020-03-17T20:39:00Z,2020,3,17,POINT  ( -143.011666666667   48.395 ),0
9,-143.01166666666666,48.395,2020-03-17T20:39:00Z,12,Oncorhynchus kisutch,2,786,41.9,3,0,2,0,0,Cumacea gen. sp.,2,0,100,0,0,0.38167938931297707,IYS,IYS:GoA2020,IYS:GoA2020:Stn9,IYS:GoA2020:Stn9:trawl,2020-03-17T20:39:00Z,2020,3,17,POINT  ( -143.011666666667   48.395 ),0
9,-143.01166666666666,48.395,2020-03-17T20:39:00Z,12,Oncorhynchus kisutch,2,786,41.9,3,0,2,0,0,Thysanoessa longipes,2,0,0,100,0,0.38167938931297707,IYS,IYS:GoA2020,IYS:GoA2020:Stn9,IYS:GoA2020:Stn9:trawl,2020-03-17T20:39:00Z,2020,3,17,POINT  ( -143.011666666667   48.395 ),0
10,-144.48166666666665,48.403333333333336,2020-03-18T05:02:00Z,13,Oncorhynchus keta,1,2251,58.8,11,0,1,0,12.5,Tomopteris sp.,44,0,0,50,50,21.501554864504666,IYS,IYS:GoA2020,IYS:GoA2020:Stn10,IYS:GoA2020:Stn10:trawl,2020-03-18T05:02:00Z,2020,3,18,POINT  ( -144.481666666667   48.4033333333333 ),0
10,-144.48166666666665,48.403333333333336,2020-03-18T05:02:00Z,13,Oncorhynchus keta,1,2251,58.8,11,0,1,0,12.5,Oikopleura labradoriensis,42,0,0,50,50,20.524211461572634,IYS,IYS:GoA2020,IYS:GoA2020:Stn10,IYS:GoA2020:Stn10:trawl,2020-03-18T05:02:00Z,2020,3,18,POINT  ( -144.481666666667   48.4033333333333 ),0
10,-144.48166666666665,48.403333333333336,2020-03-18T05:02:00Z,13,Oncorhynchus keta,1,2251,58.8,11,0,1,0,12.5,Thysanoessa spinifera,10,100,0,0,0,4.886717014660151,IYS,IYS:GoA2020,IYS:GoA2020:Stn10,IYS:GoA2020:Stn10:trawl,2020-03-18T05:02:00Z,2020,3,18,POINT  ( -144.481666666667   48.4033333333333 ),0
10,-144.48166666666665,48.403333333333336,2020-03-18T05:02:00Z,13,Oncorhynchus keta,1,2251,58.8,11,0,1,0,12.5,Themisto pacifica,0.5,0,100,0,0,0.24433585073300756,IYS,IYS:GoA2020,IYS:GoA2020:Stn10,IYS:GoA2020:Stn10:trawl,2020-03-18T05:02:00Z,2020,3,18,POINT  ( -144.481666666667   48.4033333333333 ),0
10,-144.48166666666665,48.403333333333336,2020-03-18T05:02:00Z,13,Oncorhynchus keta,1,2251,58.8,11,0,1,0,12.5,Limacina helicina,0.5,0,100,0,0,0.24433585073300756,IYS,IYS:GoA2020,IYS:GoA2020:Stn10,IYS:GoA2020:Stn10:trawl,2020-03-18T05:02:00Z,2020,3,18,POINT  ( -144.481666666667   48.4033333333333 ),0
10,-144.48166666666665,48.403333333333336,2020-03-18T05:02:00Z,13,Oncorhynchus keta,1,2251,58.8,11,0,1,0,12.5,Euphausia pacifica,1.5,100,0,0,0,0.7330075521990226,IYS,IYS:GoA2020,IYS:GoA2020:Stn10,IYS:GoA2020:Stn10:trawl,2020-03-18T05:02:00Z,2020,3,18,POINT  ( -144.481666666667   48.4033333333333 ),0
10,-144.48166666666665,48.403333333333336,2020-03-18T05:02:00Z,13,Oncorhynchus keta,1,2251,58.8,11,0,1,0,12.5,Primno macropa,1,100,0,0,0,0.48867170146601513,IYS,IYS:GoA2020,IYS:GoA2020:Stn10,IYS:GoA2020:Stn10:trawl,2020-03-18T05:02:00Z,2020,3,18,POINT  ( -144.481666666667   48.4033333333333 ),0
10,-144.48166666666665,48.403333333333336,2020-03-18T05:02:00Z,13,Oncorhynchus keta,1,2251,58.8,11,0,1,0,12.5,Epilabidocera amphitrites,0.5,0,0,100,0,0.24433585073300756,IYS,IYS:GoA2020,IYS:GoA2020:Stn10,IYS:GoA2020:Stn10:trawl,2020-03-18T05:02:00Z,2020,3,18,POINT  ( -144.481666666667   48.4033333333333 ),0
11,-145.98166666666665,48.415,2020-03-18T13:52:00Z,14,Oncorhynchus keta,1,1490,54.7,0.5,0,1,0,0,Euphausia pacifica,30,0,100,0,0,1.006711409395973,IYS,IYS:GoA2020,IYS:GoA2020:Stn11,IYS:GoA2020:Stn11:trawl,2020-03-18T13:52:00Z,2020,3,18,POINT  ( -145.981666666667   48.415 ),0
11,-145.98166666666665,48.415,2020-03-18T13:52:00Z,14,Oncorhynchus keta,1,1490,54.7,0.5,0,1,0,0,Euphausiidae gen. sp.,70,0,0,100,0,2.3489932885906035,IYS,IYS:GoA2020,IYS:GoA2020:Stn11,IYS:GoA2020:Stn11:trawl,2020-03-18T13:52:00Z,2020,3,18,POINT  ( -145.981666666667   48.415 ),0
11,-145.98166666666665,48.415,2020-03-18T13:52:00Z,15,Oncorhynchus kisutch,3,418,34.5,0.5,0,3,0,0,Limacina helicina,5,0,100,0,0,0.19936204146730463,IYS,IYS:GoA2020,IYS:GoA2020:Stn11,IYS:GoA2020:Stn11:trawl,2020-03-18T13:52:00Z,2020,3,18,POINT  ( -145.981666666667   48.415 ),0
11,-145.98166666666665,48.415,2020-03-18T13:52:00Z,15,Oncorhynchus kisutch,3,418,34.5,0.5,0,3,0,0,Euphausiidae gen. sp.,10,0,0,0,100,0.39872408293460926,IYS,IYS:GoA2020,IYS:GoA2020:Stn11,IYS:GoA2020:Stn11:trawl,2020-03-18T13:52:00Z,2020,3,18,POINT  ( -145.981666666667   48.415 ),0
11,-145.98166666666665,48.415,2020-03-18T13:52:00Z,15,Oncorhynchus kisutch,3,418,34.5,0.5,0,3,0,0,Euphausia pacifica,85,0,100,0,0,3.3891547049441786,IYS,IYS:GoA2020,IYS:GoA2020:Stn11,IYS:GoA2020:Stn11:trawl,2020-03-18T13:52:00Z,2020,3,18,POINT  ( -145.981666666667   48.415 ),0
12,-147.50166666666667,48.391666666666666,2020-03-18T22:20:00Z,16,Oncorhynchus keta,1,814,44.4,0.5,0,1,0,5,Sagitta elegans,80,0,40,0,60,4.914004914004914,IYS,IYS:GoA2020,IYS:GoA2020:Stn12,IYS:GoA2020:Stn12:trawl,2020-03-18T22:20:00Z,2020,3,18,POINT  ( -147.501666666667   48.3916666666667 ),0
12,-147.50166666666667,48.391666666666666,2020-03-18T22:20:00Z,16,Oncorhynchus keta,1,814,44.4,0.5,0,1,0,5,Clione limacina,10,0,100,0,0,0.6142506142506142,IYS,IYS:GoA2020,IYS:GoA2020:Stn12,IYS:GoA2020:Stn12:trawl,2020-03-18T22:20:00Z,2020,3,18,POINT  ( -147.501666666667   48.3916666666667 ),0
12,-147.50166666666667,48.391666666666666,2020-03-18T22:20:00Z,16,Oncorhynchus keta,1,814,44.4,0.5,0,1,0,5,Themisto pacifica,5,100,0,0,0,0.3071253071253071,IYS,IYS:GoA2020,IYS:GoA2020:Stn12,IYS:GoA2020:Stn12:trawl,2020-03-18T22:20:00Z,2020,3,18,POINT  ( -147.501666666667   48.3916666666667 ),0
12,-147.50166666666667,48.391666666666666,2020-03-18T22:20:00Z,16,Oncorhynchus keta,1,814,44.4,0.5,0,1,0,5,copepoda gen. sp.,3,0,100,0,0,0.18427518427518425,IYS,IYS:GoA2020,IYS:GoA2020:Stn12,IYS:GoA2020:Stn12:trawl,2020-03-18T22:20:00Z,2020,3,18,POINT  ( -147.501666666667   48.3916666666667 ),0
12,-147.50166666666667,48.391666666666666,2020-03-18T22:20:00Z,16,Oncorhynchus keta,1,814,44.4,0.5,0,1,0,5,Heteropoda gen. sp.,2,0,0,100,0,0.12285012285012284,IYS,IYS:GoA2020,IYS:GoA2020:Stn12,IYS:GoA2020:Stn12:trawl,2020-03-18T22:20:00Z,2020,3,18,POINT  ( -147.501666666667   48.3916666666667 ),0
13,-147.525,49.406666666666666,2020-03-19T07:12:00Z,17,Oncorhynchus kisutch,2,462,36.2,4,0,2,0,12,Primno macropa,21,50,25,25,0,9.090909090909092,IYS,IYS:GoA2020,IYS:GoA2020:Stn13,IYS:GoA2020:Stn13:trawl,2020-03-19T07:12:00Z,2020,3,19,POINT  ( -147.525   49.4066666666667 ),0
13,-147.525,49.406666666666666,2020-03-19T07:12:00Z,17,Oncorhynchus kisutch,2,462,36.2,4,0,2,0,12,Euphausia pacifica,50,0,50,50,0,21.645021645021647,IYS,IYS:GoA2020,IYS:GoA2020:Stn13,IYS:GoA2020:Stn13:trawl,2020-03-19T07:12:00Z,2020,3,19,POINT  ( -147.525   49.4066666666667 ),0
13,-147.525,49.406666666666666,2020-03-19T07:12:00Z,17,Oncorhynchus kisutch,2,462,36.2,4,0,2,0,12,Gonatidae gen. sp. (мол.),20,0,0,100,0,8.65800865800866,IYS,IYS:GoA2020,IYS:GoA2020:Stn13,IYS:GoA2020:Stn13:trawl,2020-03-19T07:12:00Z,2020,3,19,POINT  ( -147.525   49.4066666666667 ),0
13,-147.525,49.406666666666666,2020-03-19T07:12:00Z,17,Oncorhynchus kisutch,2,462,36.2,4,0,2,0,12,Neocalanus cristatus,5,0,0,100,0,2.164502164502165,IYS,IYS:GoA2020,IYS:GoA2020:Stn13,IYS:GoA2020:Stn13:trawl,2020-03-19T07:12:00Z,2020,3,19,POINT  ( -147.525   49.4066666666667 ),0
13,-147.525,49.406666666666666,2020-03-19T07:12:00Z,17,Oncorhynchus kisutch,2,462,36.2,4,0,2,0,12,Limacina helicina,1,100,0,0,0,0.43290043290043295,IYS,IYS:GoA2020,IYS:GoA2020:Stn13,IYS:GoA2020:Stn13:trawl,2020-03-19T07:12:00Z,2020,3,19,POINT  ( -147.525   49.4066666666667 ),0
13,-147.525,49.406666666666666,2020-03-19T07:12:00Z,17,Oncorhynchus kisutch,2,462,36.2,4,0,2,0,12,Themisto pacifica,1,50,50,0,0,0.43290043290043295,IYS,IYS:GoA2020,IYS:GoA2020:Stn13,IYS:GoA2020:Stn13:trawl,2020-03-19T07:12:00Z,2020,3,19,POINT  ( -147.525   49.4066666666667 ),0
13,-147.525,49.406666666666666,2020-03-19T07:12:00Z,17,Oncorhynchus kisutch,2,462,36.2,4,0,2,0,12,Hyperia medusarium,2,0,100,0,0,0.8658008658008659,IYS,IYS:GoA2020,IYS:GoA2020:Stn13,IYS:GoA2020:Stn13:trawl,2020-03-19T07:12:00Z,2020,3,19,POINT  ( -147.525   49.4066666666667 ),0
13,-147.525,49.406666666666666,2020-03-19T07:12:00Z,18,Oncorhynchus nerka,3,556,38.3,12,0,2,1,15,Neocalanus cristatus,10,0,0,50,50,7.194244604316548,IYS,IYS:GoA2020,IYS:GoA2020:Stn13,IYS:GoA2020:Stn13:trawl,2020-03-19T07:12:00Z,2020,3,19,POINT  ( -147.525   49.4066666666667 ),0
13,-147.525,49.406666666666666,2020-03-19T07:12:00Z,18,Oncorhynchus nerka,3,556,38.3,12,0,2,1,15,Themisto pacifica,30,50,50,0,0,21.58273381294964,IYS,IYS:GoA2020,IYS:GoA2020:Stn13,IYS:GoA2020:Stn13:trawl,2020-03-19T07:12:00Z,2020,3,19,POINT  ( -147.525   49.4066666666667 ),0
13,-147.525,49.406666666666666,2020-03-19T07:12:00Z,18,Oncorhynchus nerka,3,556,38.3,12,0,2,1,15,Thysanoessa spinifera,1,0,0,100,0,0.7194244604316548,IYS,IYS:GoA2020,IYS:GoA2020:Stn13,IYS:GoA2020:Stn13:trawl,2020-03-19T07:12:00Z,2020,3,19,POINT  ( -147.525   49.4066666666667 ),0
13,-147.525,49.406666666666666,2020-03-19T07:12:00Z,18,Oncorhynchus nerka,3,556,38.3,12,0,2,1,15,Primno macropa,3,0,50,50,0,2.1582733812949644,IYS,IYS:GoA2020,IYS:GoA2020:Stn13,IYS:GoA2020:Stn13:trawl,2020-03-19T07:12:00Z,2020,3,19,POINT  ( -147.525   49.4066666666667 ),0
13,-147.525,49.406666666666666,2020-03-19T07:12:00Z,18,Oncorhynchus nerka,3,556,38.3,12,0,2,1,15,Sagitta elegans,50,0,0,0,100,35.97122302158274,IYS,IYS:GoA2020,IYS:GoA2020:Stn13,IYS:GoA2020:Stn13:trawl,2020-03-19T07:12:00Z,2020,3,19,POINT  ( -147.525   49.4066666666667 ),0
13,-147.525,49.406666666666666,2020-03-19T07:12:00Z,18,Oncorhynchus nerka,3,556,38.3,12,0,2,1,15,Amphipoda gen. sp.,3,0,100,0,0,2.1582733812949644,IYS,IYS:GoA2020,IYS:GoA2020:Stn13,IYS:GoA2020:Stn13:trawl,2020-03-19T07:12:00Z,2020,3,19,POINT  ( -147.525   49.4066666666667 ),0
13,-147.525,49.406666666666666,2020-03-19T07:12:00Z,18,Oncorhynchus nerka,3,556,38.3,12,0,2,1,15,Euphausia pacifica,3,0,100,0,0,2.1582733812949644,IYS,IYS:GoA2020,IYS:GoA2020:Stn13,IYS:GoA2020:Stn13:trawl,2020-03-19T07:12:00Z,2020,3,19,POINT  ( -147.525   49.4066666666667 ),0
14,-147.51333333333332,50.42,2020-03-19T18:21:00Z,19,Oncorhynchus keta,1,1390,50.8,2,0,1,0,0,Sagitta elegans,70,0,0,0,100,10.071942446043165,IYS,IYS:GoA2020,IYS:GoA2020:Stn14,IYS:GoA2020:Stn14:trawl,2020-03-19T18:21:00Z,2020,3,19,POINT  ( -147.513333333333   50.42 ),0
14,-147.51333333333332,50.42,2020-03-19T18:21:00Z,19,Oncorhynchus keta,1,1390,50.8,2,0,1,0,0,Tomopteris sp.,15,0,0,100,0,2.158273381294964,IYS,IYS:GoA2020,IYS:GoA2020:Stn14,IYS:GoA2020:Stn14:trawl,2020-03-19T18:21:00Z,2020,3,19,POINT  ( -147.513333333333   50.42 ),0
14,-147.51333333333332,50.42,2020-03-19T18:21:00Z,19,Oncorhynchus keta,1,1390,50.8,2,0,1,0,0,Thysanoessa spinifera,13,0,0,100,0,1.8705035971223023,IYS,IYS:GoA2020,IYS:GoA2020:Stn14,IYS:GoA2020:Stn14:trawl,2020-03-19T18:21:00Z,2020,3,19,POINT  ( -147.513333333333   50.42 ),0
14,-147.51333333333332,50.42,2020-03-19T18:21:00Z,19,Oncorhynchus keta,1,1390,50.8,2,0,1,0,0,Amphipoda gen. sp.,0.5,0,0,100,0,0.07194244604316548,IYS,IYS:GoA2020,IYS:GoA2020:Stn14,IYS:GoA2020:Stn14:trawl,2020-03-19T18:21:00Z,2020,3,19,POINT  ( -147.513333333333   50.42 ),0
14,-147.51333333333332,50.42,2020-03-19T18:21:00Z,19,Oncorhynchus keta,1,1390,50.8,2,0,1,0,0,Heteropoda gen. sp.,0.5,0,0,100,0,0.07194244604316548,IYS,IYS:GoA2020,IYS:GoA2020:Stn14,IYS:GoA2020:Stn14:trawl,2020-03-19T18:21:00Z,2020,3,19,POINT  ( -147.513333333333   50.42 ),0
14,-147.51333333333332,50.42,2020-03-19T18:21:00Z,19,Oncorhynchus keta,1,1390,50.8,2,0,1,0,0,Limacina helicina,0.5,0,100,0,0,0.07194244604316548,IYS,IYS:GoA2020,IYS:GoA2020:Stn14,IYS:GoA2020:Stn14:trawl,2020-03-19T18:21:00Z,2020,3,19,POINT  ( -147.513333333333   50.42 ),0
14,-147.51333333333332,50.42,2020-03-19T18:21:00Z,19,Oncorhynchus keta,1,1390,50.8,2,0,1,0,0,Coelenterata gen. sp.,0.5,0,100,0,0,0.07194244604316548,IYS,IYS:GoA2020,IYS:GoA2020:Stn14,IYS:GoA2020:Stn14:trawl,2020-03-19T18:21:00Z,2020,3,19,POINT  ( -147.513333333333   50.42 ),0
16,-147.515,51.403333333333336,2020-03-19T06:22:00Z,20,Oncorhynchus nerka,4,581,38.9,13,0,2,2,8.8,Tomopteris sp.,1,0,0,100,0,0.5593803786574871,IYS,IYS:GoA2020,IYS:GoA2020:Stn16,IYS:GoA2020:Stn16:trawl,2020-03-19T06:22:00Z,2020,3,19,POINT  ( -147.515   51.4033333333333 ),0
16,-147.515,51.403333333333336,2020-03-19T06:22:00Z,20,Oncorhynchus nerka,4,581,38.9,13,0,2,2,8.8,Tarletonbeania crenularis,15,0,100,0,0,8.390705679862306,IYS,IYS:GoA2020,IYS:GoA2020:Stn16,IYS:GoA2020:Stn16:trawl,2020-03-19T06:22:00Z,2020,3,19,POINT  ( -147.515   51.4033333333333 ),0
16,-147.515,51.403333333333336,2020-03-19T06:22:00Z,20,Oncorhynchus nerka,4,581,38.9,13,0,2,2,8.8,Themisto pacifica,8,70,30,0,0,4.475043029259897,IYS,IYS:GoA2020,IYS:GoA2020:Stn16,IYS:GoA2020:Stn16:trawl,2020-03-19T06:22:00Z,2020,3,19,POINT  ( -147.515   51.4033333333333 ),0
16,-147.515,51.403333333333336,2020-03-19T06:22:00Z,20,Oncorhynchus nerka,4,581,38.9,13,0,2,2,8.8,Euphausia pacifica,70,0,70,15,15,39.1566265060241,IYS,IYS:GoA2020,IYS:GoA2020:Stn16,IYS:GoA2020:Stn16:trawl,2020-03-19T06:22:00Z,2020,3,19,POINT  ( -147.515   51.4033333333333 ),0
16,-147.515,51.403333333333336,2020-03-19T06:22:00Z,20,Oncorhynchus nerka,4,581,38.9,13,0,2,2,8.8,Primno macropa,4,80,10,10,0,2.2375215146299485,IYS,IYS:GoA2020,IYS:GoA2020:Stn16,IYS:GoA2020:Stn16:trawl,2020-03-19T06:22:00Z,2020,3,19,POINT  ( -147.515   51.4033333333333 ),0
16,-147.515,51.403333333333336,2020-03-19T06:22:00Z,20,Oncorhynchus nerka,4,581,38.9,13,0,2,2,8.8,Euphausiidae gen. sp.,2,0,50,50,0,1.1187607573149743,IYS,IYS:GoA2020,IYS:GoA2020:Stn16,IYS:GoA2020:Stn16:trawl,2020-03-19T06:22:00Z,2020,3,19,POINT  ( -147.515   51.4033333333333 ),0
16,-147.515,51.403333333333336,2020-03-19T06:22:00Z,21,Oncorhynchus nerka,11,194,26.7,10,0,9,2,7.25,Euphausia pacifica,41,0,50,50,0,19.212746016869726,IYS,IYS:GoA2020,IYS:GoA2020:Stn16,IYS:GoA2020:Stn16:trawl,2020-03-19T06:22:00Z,2020,3,19,POINT  ( -147.515   51.4033333333333 ),0
16,-147.515,51.403333333333336,2020-03-19T06:22:00Z,21,Oncorhynchus nerka,11,194,26.7,10,0,9,2,7.25,Themisto pacifica,10,50,50,0,0,4.686035613870665,IYS,IYS:GoA2020,IYS:GoA2020:Stn16,IYS:GoA2020:Stn16:trawl,2020-03-19T06:22:00Z,2020,3,19,POINT  ( -147.515   51.4033333333333 ),0
16,-147.515,51.403333333333336,2020-03-19T06:22:00Z,21,Oncorhynchus nerka,11,194,26.7,10,0,9,2,7.25,Euphausiidae gen. sp.,1,0,100,0,0,0.4686035613870665,IYS,IYS:GoA2020,IYS:GoA2020:Stn16,IYS:GoA2020:Stn16:trawl,2020-03-19T06:22:00Z,2020,3,19,POINT  ( -147.515   51.4033333333333 ),0
16,-147.515,51.403333333333336,2020-03-19T06:22:00Z,21,Oncorhynchus nerka,11,194,26.7,10,0,9,2,7.25,Tarletonbeania crenularis,25,0,100,0,0,11.715089034676662,IYS,IYS:GoA2020,IYS:GoA2020:Stn16,IYS:GoA2020:Stn16:trawl,2020-03-19T06:22:00Z,2020,3,19,POINT  ( -147.515   51.4033333333333 ),0
16,-147.515,51.403333333333336,2020-03-19T06:22:00Z,21,Oncorhynchus nerka,11,194,26.7,10,0,9,2,7.25,Primno macropa,5,25,50,25,0,2.3430178069353325,IYS,IYS:GoA2020,IYS:GoA2020:Stn16,IYS:GoA2020:Stn16:trawl,2020-03-19T06:22:00Z,2020,3,19,POINT  ( -147.515   51.4033333333333 ),0
16,-147.515,51.403333333333336,2020-03-19T06:22:00Z,21,Oncorhynchus nerka,11,194,26.7,10,0,9,2,7.25,Ostracoda,1,100,0,0,0,0.4686035613870665,IYS,IYS:GoA2020,IYS:GoA2020:Stn16,IYS:GoA2020:Stn16:trawl,2020-03-19T06:22:00Z,2020,3,19,POINT  ( -147.515   51.4033333333333 ),0
16,-147.515,51.403333333333336,2020-03-19T06:22:00Z,21,Oncorhynchus nerka,11,194,26.7,10,0,9,2,7.25,Oikopleura labradoriensis,15,0,50,50,0,7.029053420805997,IYS,IYS:GoA2020,IYS:GoA2020:Stn16,IYS:GoA2020:Stn16:trawl,2020-03-19T06:22:00Z,2020,3,19,POINT  ( -147.515   51.4033333333333 ),0
16,-147.515,51.403333333333336,2020-03-19T06:22:00Z,21,Oncorhynchus nerka,11,194,26.7,10,0,9,2,7.25,Coelenterata gen. sp.,2,0,0,100,0,0.937207122774133,IYS,IYS:GoA2020,IYS:GoA2020:Stn16,IYS:GoA2020:Stn16:trawl,2020-03-19T06:22:00Z,2020,3,19,POINT  ( -147.515   51.4033333333333 ),0
16,-147.515,51.403333333333336,2020-03-19T06:22:00Z,22,Oncorhynchus keta,1,1408,56.2,0.5,0,1,0,0,Euphausiidae gen. sp.,28,0,0,0,100,0.994318181818182,IYS,IYS:GoA2020,IYS:GoA2020:Stn16,IYS:GoA2020:Stn16:trawl,2020-03-19T06:22:00Z,2020,3,19,POINT  ( -147.515   51.4033333333333 ),0
16,-147.515,51.403333333333336,2020-03-19T06:22:00Z,22,Oncorhynchus keta,1,1408,56.2,0.5,0,1,0,0,Tomopteris sp.,20,0,0,50,50,0.7102272727272728,IYS,IYS:GoA2020,IYS:GoA2020:Stn16,IYS:GoA2020:Stn16:trawl,2020-03-19T06:22:00Z,2020,3,19,POINT  ( -147.515   51.4033333333333 ),0
16,-147.515,51.403333333333336,2020-03-19T06:22:00Z,22,Oncorhynchus keta,1,1408,56.2,0.5,0,1,0,0,Sagitta elegans,50,0,0,0,100,1.7755681818181819,IYS,IYS:GoA2020,IYS:GoA2020:Stn16,IYS:GoA2020:Stn16:trawl,2020-03-19T06:22:00Z,2020,3,19,POINT  ( -147.515   51.4033333333333 ),0
16,-147.515,51.403333333333336,2020-03-19T06:22:00Z,22,Oncorhynchus keta,1,1408,56.2,0.5,0,1,0,0,Themisto pacifica,2,0,0,100,0,0.07102272727272728,IYS,IYS:GoA2020,IYS:GoA2020:Stn16,IYS:GoA2020:Stn16:trawl,2020-03-19T06:22:00Z,2020,3,19,POINT  ( -147.515   51.4033333333333 ),0
17,-146.01666666666668,51.42333333333333,2020-03-20T15:09:00Z,23,Oncorhynchus nerka,5,200,27.3,10,0,5,0,0.5,Amphipoda gen. sp.,35,0,0,20,80,35,IYS,IYS:GoA2020,IYS:GoA2020:Stn17,IYS:GoA2020:Stn17:trawl,2020-03-20T15:09:00Z,2020,3,20,POINT  ( -146.016666666667   51.4233333333333 ),0
17,-146.01666666666668,51.42333333333333,2020-03-20T15:09:00Z,23,Oncorhynchus nerka,5,200,27.3,10,0,5,0,0.5,Limacina helicina,1,50,50,0,0,1,IYS,IYS:GoA2020,IYS:GoA2020:Stn17,IYS:GoA2020:Stn17:trawl,2020-03-20T15:09:00Z,2020,3,20,POINT  ( -146.016666666667   51.4233333333333 ),0
17,-146.01666666666668,51.42333333333333,2020-03-20T15:09:00Z,23,Oncorhynchus nerka,5,200,27.3,10,0,5,0,0.5,Euphausiidae gen. sp.,40,0,30,35,35,40,IYS,IYS:GoA2020,IYS:GoA2020:Stn17,IYS:GoA2020:Stn17:trawl,2020-03-20T15:09:00Z,2020,3,20,POINT  ( -146.016666666667   51.4233333333333 ),0
17,-146.01666666666668,51.42333333333333,2020-03-20T15:09:00Z,23,Oncorhynchus nerka,5,200,27.3,10,0,5,0,0.5,Oikopleura labradoriensis,22,0,0,50,50,22,IYS,IYS:GoA2020,IYS:GoA2020:Stn17,IYS:GoA2020:Stn17:trawl,2020-03-20T15:09:00Z,2020,3,20,POINT  ( -146.016666666667   51.4233333333333 ),0
17,-146.01666666666668,51.42333333333333,2020-03-20T15:09:00Z,23,Oncorhynchus nerka,5,200,27.3,10,0,5,0,0.5,Primno macropa,2,0,0,100,0,2,IYS,IYS:GoA2020,IYS:GoA2020:Stn17,IYS:GoA2020:Stn17:trawl,2020-03-20T15:09:00Z,2020,3,20,POINT  ( -146.016666666667   51.4233333333333 ),0
17,-146.01666666666668,51.42333333333333,2020-03-20T15:09:00Z,24,Oncorhynchus nerka,4,519,37.1,0.5,2,2,0,0,Coelenterata gen. sp.,30,0,0,0,100,0.7225433526011561,IYS,IYS:GoA2020,IYS:GoA2020:Stn17,IYS:GoA2020:Stn17:trawl,2020-03-20T15:09:00Z,2020,3,20,POINT  ( -146.016666666667   51.4233333333333 ),0
17,-146.01666666666668,51.42333333333333,2020-03-20T15:09:00Z,24,Oncorhynchus nerka,4,519,37.1,0.5,2,2,0,0,Euphausia pacifica,10,0,100,0,0,0.24084778420038538,IYS,IYS:GoA2020,IYS:GoA2020:Stn17,IYS:GoA2020:Stn17:trawl,2020-03-20T15:09:00Z,2020,3,20,POINT  ( -146.016666666667   51.4233333333333 ),0
17,-146.01666666666668,51.42333333333333,2020-03-20T15:09:00Z,24,Oncorhynchus nerka,4,519,37.1,0.5,2,2,0,0,Oikopleura labradoriensis,60,0,0,0,100,1.4450867052023122,IYS,IYS:GoA2020,IYS:GoA2020:Stn17,IYS:GoA2020:Stn17:trawl,2020-03-20T15:09:00Z,2020,3,20,POINT  ( -146.016666666667   51.4233333333333 ),0
17,-146.01666666666668,51.42333333333333,2020-03-20T15:09:00Z,25,Oncorhynchus keta,2,990,46.9,5,0,2,0,0,Euphausiidae gen. sp.,5,0,0,0,100,1.262626262626263,IYS,IYS:GoA2020,IYS:GoA2020:Stn17,IYS:GoA2020:Stn17:trawl,2020-03-20T15:09:00Z,2020,3,20,POINT  ( -146.016666666667   51.4233333333333 ),0
17,-146.01666666666668,51.42333333333333,2020-03-20T15:09:00Z,25,Oncorhynchus keta,2,990,46.9,5,0,2,0,0,Oikopleura labradoriensis,70,0,0,50,50,17.67676767676768,IYS,IYS:GoA2020,IYS:GoA2020:Stn17,IYS:GoA2020:Stn17:trawl,2020-03-20T15:09:00Z,2020,3,20,POINT  ( -146.016666666667   51.4233333333333 ),0
17,-146.01666666666668,51.42333333333333,2020-03-20T15:09:00Z,25,Oncorhynchus keta,2,990,46.9,5,0,2,0,0,Coelenterata gen. sp.,3,0,0,50,50,0.7575757575757577,IYS,IYS:GoA2020,IYS:GoA2020:Stn17,IYS:GoA2020:Stn17:trawl,2020-03-20T15:09:00Z,2020,3,20,POINT  ( -146.016666666667   51.4233333333333 ),0
17,-146.01666666666668,51.42333333333333,2020-03-20T15:09:00Z,25,Oncorhynchus keta,2,990,46.9,5,0,2,0,0,Amphipoda gen. sp.,1.5,0,0,50,50,0.37878787878787884,IYS,IYS:GoA2020,IYS:GoA2020:Stn17,IYS:GoA2020:Stn17:trawl,2020-03-20T15:09:00Z,2020,3,20,POINT  ( -146.016666666667   51.4233333333333 ),0
17,-146.01666666666668,51.42333333333333,2020-03-20T15:09:00Z,25,Oncorhynchus keta,2,990,46.9,5,0,2,0,0,Sagitta elegans,20,0,0,0,100,5.050505050505052,IYS,IYS:GoA2020,IYS:GoA2020:Stn17,IYS:GoA2020:Stn17:trawl,2020-03-20T15:09:00Z,2020,3,20,POINT  ( -146.016666666667   51.4233333333333 ),0
17,-146.01666666666668,51.42333333333333,2020-03-20T15:09:00Z,25,Oncorhynchus keta,2,990,46.9,5,0,2,0,0,Limacina helicina,0.5,0,100,0,0,0.12626262626262627,IYS,IYS:GoA2020,IYS:GoA2020:Stn17,IYS:GoA2020:Stn17:trawl,2020-03-20T15:09:00Z,2020,3,20,POINT  ( -146.016666666667   51.4233333333333 ),0
17,-146.01666666666668,51.42333333333333,2020-03-20T15:09:00Z,26,Oncorhynchus keta,1,392,36,1.5,0,1,0,0,Tomopteris sp.,15,0,0,0,100,5.739795918367347,IYS,IYS:GoA2020,IYS:GoA2020:Stn17,IYS:GoA2020:Stn17:trawl,2020-03-20T15:09:00Z,2020,3,20,POINT  ( -146.016666666667   51.4233333333333 ),0
17,-146.01666666666668,51.42333333333333,2020-03-20T15:09:00Z,26,Oncorhynchus keta,1,392,36,1.5,0,1,0,0,Primno macropa,1,0,0,0,100,0.3826530612244898,IYS,IYS:GoA2020,IYS:GoA2020:Stn17,IYS:GoA2020:Stn17:trawl,2020-03-20T15:09:00Z,2020,3,20,POINT  ( -146.016666666667   51.4233333333333 ),0
17,-146.01666666666668,51.42333333333333,2020-03-20T15:09:00Z,26,Oncorhynchus keta,1,392,36,1.5,0,1,0,0,Oikopleura labradoriensis,40,0,0,0,100,15.306122448979592,IYS,IYS:GoA2020,IYS:GoA2020:Stn17,IYS:GoA2020:Stn17:trawl,2020-03-20T15:09:00Z,2020,3,20,POINT  ( -146.016666666667   51.4233333333333 ),0
17,-146.01666666666668,51.42333333333333,2020-03-20T15:09:00Z,26,Oncorhynchus keta,1,392,36,1.5,0,1,0,0,Sagitta elegans,44,0,0,0,100,16.83673469387755,IYS,IYS:GoA2020,IYS:GoA2020:Stn17,IYS:GoA2020:Stn17:trawl,2020-03-20T15:09:00Z,2020,3,20,POINT  ( -146.016666666667   51.4233333333333 ),0
19,-146.00666666666666,50.40833333333333,2020-03-21T02:03:00Z,27,Oncorhynchus keta,16,884,45.8,84,0,13,3,7.8999999999999995,Beroe cucumis,23,30,0,0,70,13.65950226244344,IYS,IYS:GoA2020,IYS:GoA2020:Stn19,IYS:GoA2020:Stn19:trawl,2020-03-21T02:03:00Z,2020,3,21,POINT  ( -146.006666666667   50.4083333333333 ),0
19,-146.00666666666666,50.40833333333333,2020-03-21T02:03:00Z,27,Oncorhynchus keta,16,884,45.8,84,0,13,3,7.8999999999999995,Thysanoessa spinifera,2,0,0,100,0,1.1877828054298643,IYS,IYS:GoA2020,IYS:GoA2020:Stn19,IYS:GoA2020:Stn19:trawl,2020-03-21T02:03:00Z,2020,3,21,POINT  ( -146.006666666667   50.4083333333333 ),0
19,-146.00666666666666,50.40833333333333,2020-03-21T02:03:00Z,27,Oncorhynchus keta,16,884,45.8,84,0,13,3,7.8999999999999995,Primno macropa,1.5,0,50,50,0,0.8908371040723981,IYS,IYS:GoA2020,IYS:GoA2020:Stn19,IYS:GoA2020:Stn19:trawl,2020-03-21T02:03:00Z,2020,3,21,POINT  ( -146.006666666667   50.4083333333333 ),0
19,-146.00666666666666,50.40833333333333,2020-03-21T02:03:00Z,27,Oncorhynchus keta,16,884,45.8,84,0,13,3,7.8999999999999995,Coelenterata gen. sp.,15,0,0,0,100,8.908371040723981,IYS,IYS:GoA2020,IYS:GoA2020:Stn19,IYS:GoA2020:Stn19:trawl,2020-03-21T02:03:00Z,2020,3,21,POINT  ( -146.006666666667   50.4083333333333 ),0
19,-146.00666666666666,50.40833333333333,2020-03-21T02:03:00Z,27,Oncorhynchus keta,16,884,45.8,84,0,13,3,7.8999999999999995,Oikopleura labradoriensis,35,0,0,50,50,20.786199095022624,IYS,IYS:GoA2020,IYS:GoA2020:Stn19,IYS:GoA2020:Stn19:trawl,2020-03-21T02:03:00Z,2020,3,21,POINT  ( -146.006666666667   50.4083333333333 ),0
19,-146.00666666666666,50.40833333333333,2020-03-21T02:03:00Z,27,Oncorhynchus keta,16,884,45.8,84,0,13,3,7.8999999999999995,Themisto pacifica,1,50,50,0,0,0.5938914027149321,IYS,IYS:GoA2020,IYS:GoA2020:Stn19,IYS:GoA2020:Stn19:trawl,2020-03-21T02:03:00Z,2020,3,21,POINT  ( -146.006666666667   50.4083333333333 ),0
19,-146.00666666666666,50.40833333333333,2020-03-21T02:03:00Z,27,Oncorhynchus keta,16,884,45.8,84,0,13,3,7.8999999999999995,Ostracoda,0.5,0,100,0,0,0.29694570135746606,IYS,IYS:GoA2020,IYS:GoA2020:Stn19,IYS:GoA2020:Stn19:trawl,2020-03-21T02:03:00Z,2020,3,21,POINT  ( -146.006666666667   50.4083333333333 ),0
19,-146.00666666666666,50.40833333333333,2020-03-21T02:03:00Z,27,Oncorhynchus keta,16,884,45.8,84,0,13,3,7.8999999999999995,Neocalanus cristatus,1,25,25,50,0,0.5938914027149321,IYS,IYS:GoA2020,IYS:GoA2020:Stn19,IYS:GoA2020:Stn19:trawl,2020-03-21T02:03:00Z,2020,3,21,POINT  ( -146.006666666667   50.4083333333333 ),0
19,-146.00666666666666,50.40833333333333,2020-03-21T02:03:00Z,27,Oncorhynchus keta,16,884,45.8,84,0,13,3,7.8999999999999995,Limacina helicina,0.5,50,50,0,0,0.29694570135746606,IYS,IYS:GoA2020,IYS:GoA2020:Stn19,IYS:GoA2020:Stn19:trawl,2020-03-21T02:03:00Z,2020,3,21,POINT  ( -146.006666666667   50.4083333333333 ),0
19,-146.00666666666666,50.40833333333333,2020-03-21T02:03:00Z,27,Oncorhynchus keta,16,884,45.8,84,0,13,3,7.8999999999999995,Euphausia pacifica,0.5,0,0,100,0,0.29694570135746606,IYS,IYS:GoA2020,IYS:GoA2020:Stn19,IYS:GoA2020:Stn19:trawl,2020-03-21T02:03:00Z,2020,3,21,POINT  ( -146.006666666667   50.4083333333333 ),0
19,-146.00666666666666,50.40833333333333,2020-03-21T02:03:00Z,27,Oncorhynchus keta,16,884,45.8,84,0,13,3,7.8999999999999995,Sagitta elegans,20,0,0,50,50,11.877828054298643,IYS,IYS:GoA2020,IYS:GoA2020:Stn19,IYS:GoA2020:Stn19:trawl,2020-03-21T02:03:00Z,2020,3,21,POINT  ( -146.006666666667   50.4083333333333 ),0
19,-146.00666666666666,50.40833333333333,2020-03-21T02:03:00Z,28,Oncorhynchus keta,2,1334,52.1,5,0,2,0,0.5,Beroe cucumis,15,0,0,100,0,2.8110944527736135,IYS,IYS:GoA2020,IYS:GoA2020:Stn19,IYS:GoA2020:Stn19:trawl,2020-03-21T02:03:00Z,2020,3,21,POINT  ( -146.006666666667   50.4083333333333 ),0
19,-146.00666666666666,50.40833333333333,2020-03-21T02:03:00Z,28,Oncorhynchus keta,2,1334,52.1,5,0,2,0,0.5,Coelenterata gen. sp.,5,0,100,0,0,0.9370314842578712,IYS,IYS:GoA2020,IYS:GoA2020:Stn19,IYS:GoA2020:Stn19:trawl,2020-03-21T02:03:00Z,2020,3,21,POINT  ( -146.006666666667   50.4083333333333 ),0
19,-146.00666666666666,50.40833333333333,2020-03-21T02:03:00Z,28,Oncorhynchus keta,2,1334,52.1,5,0,2,0,0.5,Themisto pacifica,0.5,50,50,0,0,0.09370314842578711,IYS,IYS:GoA2020,IYS:GoA2020:Stn19,IYS:GoA2020:Stn19:trawl,2020-03-21T02:03:00Z,2020,3,21,POINT  ( -146.006666666667   50.4083333333333 ),0
19,-146.00666666666666,50.40833333333333,2020-03-21T02:03:00Z,28,Oncorhynchus keta,2,1334,52.1,5,0,2,0,0.5,Sagitta elegans,34,0,0,50,50,6.3718140929535245,IYS,IYS:GoA2020,IYS:GoA2020:Stn19,IYS:GoA2020:Stn19:trawl,2020-03-21T02:03:00Z,2020,3,21,POINT  ( -146.006666666667   50.4083333333333 ),0
19,-146.00666666666666,50.40833333333333,2020-03-21T02:03:00Z,28,Oncorhynchus keta,2,1334,52.1,5,0,2,0,0.5,Oikopleura labradoriensis,40,0,0,50,50,7.4962518740629696,IYS,IYS:GoA2020,IYS:GoA2020:Stn19,IYS:GoA2020:Stn19:trawl,2020-03-21T02:03:00Z,2020,3,21,POINT  ( -146.006666666667   50.4083333333333 ),0
19,-146.00666666666666,50.40833333333333,2020-03-21T02:03:00Z,28,Oncorhynchus keta,2,1334,52.1,5,0,2,0,0.5,Neocalanus cristatus,5,0,0,0,100,0.9370314842578712,IYS,IYS:GoA2020,IYS:GoA2020:Stn19,IYS:GoA2020:Stn19:trawl,2020-03-21T02:03:00Z,2020,3,21,POINT  ( -146.006666666667   50.4083333333333 ),0
19,-146.00666666666666,50.40833333333333,2020-03-21T02:03:00Z,28,Oncorhynchus keta,2,1334,52.1,5,0,2,0,0.5,Limacina helicina,0.5,50,50,0,0,0.09370314842578711,IYS,IYS:GoA2020,IYS:GoA2020:Stn19,IYS:GoA2020:Stn19:trawl,2020-03-21T02:03:00Z,2020,3,21,POINT  ( -146.006666666667   50.4083333333333 ),0
19,-146.00666666666666,50.40833333333333,2020-03-21T02:03:00Z,29,Oncorhynchus keta,2,578,39.4,6,0,2,0,0,Limacina helicina,0.5,0,0,100,0,0.25951557093425603,IYS,IYS:GoA2020,IYS:GoA2020:Stn19,IYS:GoA2020:Stn19:trawl,2020-03-21T02:03:00Z,2020,3,21,POINT  ( -146.006666666667   50.4083333333333 ),0
19,-146.00666666666666,50.40833333333333,2020-03-21T02:03:00Z,29,Oncorhynchus keta,2,578,39.4,6,0,2,0,0,Sagitta elegans,50,0,0,50,50,25.951557093425603,IYS,IYS:GoA2020,IYS:GoA2020:Stn19,IYS:GoA2020:Stn19:trawl,2020-03-21T02:03:00Z,2020,3,21,POINT  ( -146.006666666667   50.4083333333333 ),0
19,-146.00666666666666,50.40833333333333,2020-03-21T02:03:00Z,29,Oncorhynchus keta,2,578,39.4,6,0,2,0,0,Euphausiidae gen. sp.,2,0,0,50,50,1.0380622837370241,IYS,IYS:GoA2020,IYS:GoA2020:Stn19,IYS:GoA2020:Stn19:trawl,2020-03-21T02:03:00Z,2020,3,21,POINT  ( -146.006666666667   50.4083333333333 ),0
19,-146.00666666666666,50.40833333333333,2020-03-21T02:03:00Z,29,Oncorhynchus keta,2,578,39.4,6,0,2,0,0,Tomopteris sp.,20,0,0,100,0,10.380622837370241,IYS,IYS:GoA2020,IYS:GoA2020:Stn19,IYS:GoA2020:Stn19:trawl,2020-03-21T02:03:00Z,2020,3,21,POINT  ( -146.006666666667   50.4083333333333 ),0
19,-146.00666666666666,50.40833333333333,2020-03-21T02:03:00Z,29,Oncorhynchus keta,2,578,39.4,6,0,2,0,0,Primno macropa,4,0,0,100,0,2.0761245674740483,IYS,IYS:GoA2020,IYS:GoA2020:Stn19,IYS:GoA2020:Stn19:trawl,2020-03-21T02:03:00Z,2020,3,21,POINT  ( -146.006666666667   50.4083333333333 ),0
19,-146.00666666666666,50.40833333333333,2020-03-21T02:03:00Z,29,Oncorhynchus keta,2,578,39.4,6,0,2,0,0,Coelenterata gen. sp.,23.5,0,0,100,0,12.197231833910033,IYS,IYS:GoA2020,IYS:GoA2020:Stn19,IYS:GoA2020:Stn19:trawl,2020-03-21T02:03:00Z,2020,3,21,POINT  ( -146.006666666667   50.4083333333333 ),0
20,-144.49833333333333,50.403333333333336,2020-03-21T10:56:00Z,30,Oncorhynchus nerka,1,463,36,3,0,1,0,0,Euphausia pacifica,15,0,0,50,50,9.719222462203023,IYS,IYS:GoA2020,IYS:GoA2020:Stn20,IYS:GoA2020:Stn20:trawl,2020-03-21T10:56:00Z,2020,3,21,POINT  ( -144.498333333333   50.4033333333333 ),0
20,-144.49833333333333,50.403333333333336,2020-03-21T10:56:00Z,30,Oncorhynchus nerka,1,463,36,3,0,1,0,0,Oikopleura labradoriensis,75,0,0,50,50,48.59611231101512,IYS,IYS:GoA2020,IYS:GoA2020:Stn20,IYS:GoA2020:Stn20:trawl,2020-03-21T10:56:00Z,2020,3,21,POINT  ( -144.498333333333   50.4033333333333 ),0
20,-144.49833333333333,50.403333333333336,2020-03-21T10:56:00Z,30,Oncorhynchus nerka,1,463,36,3,0,1,0,0,Primno macropa,5,0,0,0,100,3.239740820734341,IYS,IYS:GoA2020,IYS:GoA2020:Stn20,IYS:GoA2020:Stn20:trawl,2020-03-21T10:56:00Z,2020,3,21,POINT  ( -144.498333333333   50.4033333333333 ),0
20,-144.49833333333333,50.403333333333336,2020-03-21T10:56:00Z,30,Oncorhynchus nerka,1,463,36,3,0,1,0,0,Neocalanus cristatus,1,0,0,100,0,0.6479481641468682,IYS,IYS:GoA2020,IYS:GoA2020:Stn20,IYS:GoA2020:Stn20:trawl,2020-03-21T10:56:00Z,2020,3,21,POINT  ( -144.498333333333   50.4033333333333 ),0
20,-144.49833333333333,50.403333333333336,2020-03-21T10:56:00Z,30,Oncorhynchus nerka,1,463,36,3,0,1,0,0,Themisto pacifica,4,0,0,100,0,2.5917926565874727,IYS,IYS:GoA2020,IYS:GoA2020:Stn20,IYS:GoA2020:Stn20:trawl,2020-03-21T10:56:00Z,2020,3,21,POINT  ( -144.498333333333   50.4033333333333 ),0
20,-144.49833333333333,50.403333333333336,2020-03-21T10:56:00Z,31,Oncorhynchus kisutch,6,541,37.1,12,1,4,1,3,Stenobrachius leucopsarus,2,0,100,0,0,0.7393715341959335,IYS,IYS:GoA2020,IYS:GoA2020:Stn20,IYS:GoA2020:Stn20:trawl,2020-03-21T10:56:00Z,2020,3,21,POINT  ( -144.498333333333   50.4033333333333 ),0
20,-144.49833333333333,50.403333333333336,2020-03-21T10:56:00Z,31,Oncorhynchus kisutch,6,541,37.1,12,1,4,1,3,Limacina helicina,1,100,0,0,0,0.36968576709796674,IYS,IYS:GoA2020,IYS:GoA2020:Stn20,IYS:GoA2020:Stn20:trawl,2020-03-21T10:56:00Z,2020,3,21,POINT  ( -144.498333333333   50.4033333333333 ),0
20,-144.49833333333333,50.403333333333336,2020-03-21T10:56:00Z,31,Oncorhynchus kisutch,6,541,37.1,12,1,4,1,3,Euphausia pacifica,25,0,50,50,0,9.242144177449168,IYS,IYS:GoA2020,IYS:GoA2020:Stn20,IYS:GoA2020:Stn20:trawl,2020-03-21T10:56:00Z,2020,3,21,POINT  ( -144.498333333333   50.4033333333333 ),0
20,-144.49833333333333,50.403333333333336,2020-03-21T10:56:00Z,31,Oncorhynchus kisutch,6,541,37.1,12,1,4,1,3,Primno macropa,5,0,0,50,50,1.8484288354898337,IYS,IYS:GoA2020,IYS:GoA2020:Stn20,IYS:GoA2020:Stn20:trawl,2020-03-21T10:56:00Z,2020,3,21,POINT  ( -144.498333333333   50.4033333333333 ),0
20,-144.49833333333333,50.403333333333336,2020-03-21T10:56:00Z,31,Oncorhynchus kisutch,6,541,37.1,12,1,4,1,3,Thysanoessa spinifera,60,0,50,50,0,22.181146025878004,IYS,IYS:GoA2020,IYS:GoA2020:Stn20,IYS:GoA2020:Stn20:trawl,2020-03-21T10:56:00Z,2020,3,21,POINT  ( -144.498333333333   50.4033333333333 ),0
20,-144.49833333333333,50.403333333333336,2020-03-21T10:56:00Z,31,Oncorhynchus kisutch,6,541,37.1,12,1,4,1,3,Hyperia sp.,2,100,0,0,0,0.7393715341959335,IYS,IYS:GoA2020,IYS:GoA2020:Stn20,IYS:GoA2020:Stn20:trawl,2020-03-21T10:56:00Z,2020,3,21,POINT  ( -144.498333333333   50.4033333333333 ),0
20,-144.49833333333333,50.403333333333336,2020-03-21T10:56:00Z,31,Oncorhynchus kisutch,6,541,37.1,12,1,4,1,3,Larvae pisces,5,0,0,100,0,1.8484288354898337,IYS,IYS:GoA2020,IYS:GoA2020:Stn20,IYS:GoA2020:Stn20:trawl,2020-03-21T10:56:00Z,2020,3,21,POINT  ( -144.498333333333   50.4033333333333 ),0
21,-144.50666666666666,51.498333333333335,2020-03-21T20:03:00Z,32,Oncorhynchus nerka,1,686,42.9,0.1,0,1,0,3.5,Themisto pacifica,7,50,50,0,0,0.10204081632653061,IYS,IYS:GoA2020,IYS:GoA2020:Stn21,IYS:GoA2020:Stn21:trawl,2020-03-21T20:03:00Z,2020,3,21,POINT  ( -144.506666666667   51.4983333333333 ),0
21,-144.50666666666666,51.498333333333335,2020-03-21T20:03:00Z,32,Oncorhynchus nerka,1,686,42.9,0.1,0,1,0,3.5,Euphausia pacifica,40,0,0,100,0,0.5830903790087464,IYS,IYS:GoA2020,IYS:GoA2020:Stn21,IYS:GoA2020:Stn21:trawl,2020-03-21T20:03:00Z,2020,3,21,POINT  ( -144.506666666667   51.4983333333333 ),0
21,-144.50666666666666,51.498333333333335,2020-03-21T20:03:00Z,32,Oncorhynchus nerka,1,686,42.9,0.1,0,1,0,3.5,Limacina helicina,3,0,100,0,0,0.043731778425655975,IYS,IYS:GoA2020,IYS:GoA2020:Stn21,IYS:GoA2020:Stn21:trawl,2020-03-21T20:03:00Z,2020,3,21,POINT  ( -144.506666666667   51.4983333333333 ),0
21,-144.50666666666666,51.498333333333335,2020-03-21T20:03:00Z,32,Oncorhynchus nerka,1,686,42.9,0.1,0,1,0,3.5,Digested food,50,0,0,0,100,0.7288629737609329,IYS,IYS:GoA2020,IYS:GoA2020:Stn21,IYS:GoA2020:Stn21:trawl,2020-03-21T20:03:00Z,2020,3,21,POINT  ( -144.506666666667   51.4983333333333 ),0
22,-143.005,51.48,2020-03-22T04:19:00Z,33,Oncorhynchus nerka,1,250,28.5,6,0,0,1,1,Coelenterata gen. sp.,10,0,0,100,0,24,IYS,IYS:GoA2020,IYS:GoA2020:Stn22,IYS:GoA2020:Stn22:trawl,2020-03-22T04:19:00Z,2020,3,22,POINT  ( -143.005   51.48 ),0
22,-143.005,51.48,2020-03-22T04:19:00Z,33,Oncorhynchus nerka,1,250,28.5,6,0,0,1,1,Euphausia pacifica,85,0,50,50,0,204,IYS,IYS:GoA2020,IYS:GoA2020:Stn22,IYS:GoA2020:Stn22:trawl,2020-03-22T04:19:00Z,2020,3,22,POINT  ( -143.005   51.48 ),0
22,-143.005,51.48,2020-03-22T04:19:00Z,33,Oncorhynchus nerka,1,250,28.5,6,0,0,1,1,Themisto pacifica,2,50,50,0,0,4.8,IYS,IYS:GoA2020,IYS:GoA2020:Stn22,IYS:GoA2020:Stn22:trawl,2020-03-22T04:19:00Z,2020,3,22,POINT  ( -143.005   51.48 ),0
22,-143.005,51.48,2020-03-22T04:19:00Z,33,Oncorhynchus nerka,1,250,28.5,6,0,0,1,1,Primno macropa,1,0,50,50,0,2.4,IYS,IYS:GoA2020,IYS:GoA2020:Stn22,IYS:GoA2020:Stn22:trawl,2020-03-22T04:19:00Z,2020,3,22,POINT  ( -143.005   51.48 ),0
22,-143.005,51.48,2020-03-22T04:19:00Z,33,Oncorhynchus nerka,1,250,28.5,6,0,0,1,1,copepoda gen. sp.,0.5,0,50,50,0,1.2,IYS,IYS:GoA2020,IYS:GoA2020:Stn22,IYS:GoA2020:Stn22:trawl,2020-03-22T04:19:00Z,2020,3,22,POINT  ( -143.005   51.48 ),0
22,-143.005,51.48,2020-03-22T04:19:00Z,33,Oncorhynchus nerka,1,250,28.5,6,0,0,1,1,Oikopleura labradoriensis,1,0,0,100,0,2.4,IYS,IYS:GoA2020,IYS:GoA2020:Stn22,IYS:GoA2020:Stn22:trawl,2020-03-22T04:19:00Z,2020,3,22,POINT  ( -143.005   51.48 ),0
22,-143.005,51.48,2020-03-22T04:19:00Z,33,Oncorhynchus nerka,1,250,28.5,6,0,0,1,1,Tomopteris sp.,0.5,0,0,100,0,1.2,IYS,IYS:GoA2020,IYS:GoA2020:Stn22,IYS:GoA2020:Stn22:trawl,2020-03-22T04:19:00Z,2020,3,22,POINT  ( -143.005   51.48 ),0
25,-134.035,54.56166666666667,2020-03-24T23:22:00Z,34,Oncorhynchus gorbuscha,7,339,31.2,87,0,0,7,61.75,Ova pisces,30,100,0,0,0,109.98735777496839,IYS,IYS:GoA2020,IYS:GoA2020:Stn25,IYS:GoA2020:Stn25:trawl,2020-03-24T23:22:00Z,2020,3,24,POINT  ( -134.035   54.5616666666667 ),0
25,-134.035,54.56166666666667,2020-03-24T23:22:00Z,34,Oncorhynchus gorbuscha,7,339,31.2,87,0,0,7,61.75,Euphausiidae gen. sp.,54,50,50,0,0,197.9772439949431,IYS,IYS:GoA2020,IYS:GoA2020:Stn25,IYS:GoA2020:Stn25:trawl,2020-03-24T23:22:00Z,2020,3,24,POINT  ( -134.035   54.5616666666667 ),0
25,-134.035,54.56166666666667,2020-03-24T23:22:00Z,34,Oncorhynchus gorbuscha,7,339,31.2,87,0,0,7,61.75,Limacina helicina,15,25,50,25,0,54.993678887484194,IYS,IYS:GoA2020,IYS:GoA2020:Stn25,IYS:GoA2020:Stn25:trawl,2020-03-24T23:22:00Z,2020,3,24,POINT  ( -134.035   54.5616666666667 ),0
25,-134.035,54.56166666666667,2020-03-24T23:22:00Z,34,Oncorhynchus gorbuscha,7,339,31.2,87,0,0,7,61.75,Themisto pacifica,1,100,0,0,0,3.6662452591656134,IYS,IYS:GoA2020,IYS:GoA2020:Stn25,IYS:GoA2020:Stn25:trawl,2020-03-24T23:22:00Z,2020,3,24,POINT  ( -134.035   54.5616666666667 ),0
25,-134.035,54.56166666666667,2020-03-24T23:22:00Z,35,Oncorhynchus keta,19,209,26.9,145,0,4,15,42.75,Euphausiidae gen. sp.,80,50,25,25,0,292.1178544447243,IYS,IYS:GoA2020,IYS:GoA2020:Stn25,IYS:GoA2020:Stn25:trawl,2020-03-24T23:22:00Z,2020,3,24,POINT  ( -134.035   54.5616666666667 ),0
25,-134.035,54.56166666666667,2020-03-24T23:22:00Z,35,Oncorhynchus keta,19,209,26.9,145,0,4,15,42.75,Themisto pacifica,3,50,25,25,0,10.95441954167716,IYS,IYS:GoA2020,IYS:GoA2020:Stn25,IYS:GoA2020:Stn25:trawl,2020-03-24T23:22:00Z,2020,3,24,POINT  ( -134.035   54.5616666666667 ),0
25,-134.035,54.56166666666667,2020-03-24T23:22:00Z,35,Oncorhynchus keta,19,209,26.9,145,0,4,15,42.75,Limacina helicina,15,0,50,50,0,54.77209770838579,IYS,IYS:GoA2020,IYS:GoA2020:Stn25,IYS:GoA2020:Stn25:trawl,2020-03-24T23:22:00Z,2020,3,24,POINT  ( -134.035   54.5616666666667 ),0
25,-134.035,54.56166666666667,2020-03-24T23:22:00Z,35,Oncorhynchus keta,19,209,26.9,145,0,4,15,42.75,Ova pisces,1,100,0,0,0,3.6514731805590532,IYS,IYS:GoA2020,IYS:GoA2020:Stn25,IYS:GoA2020:Stn25:trawl,2020-03-24T23:22:00Z,2020,3,24,POINT  ( -134.035   54.5616666666667 ),0
25,-134.035,54.56166666666667,2020-03-24T23:22:00Z,35,Oncorhynchus keta,19,209,26.9,145,0,4,15,42.75,Larvae pisces,0.5,50,50,0,0,1.8257365902795266,IYS,IYS:GoA2020,IYS:GoA2020:Stn25,IYS:GoA2020:Stn25:trawl,2020-03-24T23:22:00Z,2020,3,24,POINT  ( -134.035   54.5616666666667 ),0
25,-134.035,54.56166666666667,2020-03-24T23:22:00Z,35,Oncorhynchus keta,19,209,26.9,145,0,4,15,42.75,Primno macropa,0.5,0,50,50,0,1.8257365902795266,IYS,IYS:GoA2020,IYS:GoA2020:Stn25,IYS:GoA2020:Stn25:trawl,2020-03-24T23:22:00Z,2020,3,24,POINT  ( -134.035   54.5616666666667 ),0
25,-134.035,54.56166666666667,2020-03-24T23:22:00Z,36,Oncorhynchus keta,3,3374,66.1,110,0,0,3,3.75,Euphausiidae gen. sp.,60,0,10,40,50,65.20450503852993,IYS,IYS:GoA2020,IYS:GoA2020:Stn25,IYS:GoA2020:Stn25:trawl,2020-03-24T23:22:00Z,2020,3,24,POINT  ( -134.035   54.5616666666667 ),0
25,-134.035,54.56166666666667,2020-03-24T23:22:00Z,36,Oncorhynchus keta,3,3374,66.1,110,0,0,3,3.75,Limacina helicina,15,25,50,25,0,16.301126259632483,IYS,IYS:GoA2020,IYS:GoA2020:Stn25,IYS:GoA2020:Stn25:trawl,2020-03-24T23:22:00Z,2020,3,24,POINT  ( -134.035   54.5616666666667 ),0
25,-134.035,54.56166666666667,2020-03-24T23:22:00Z,36,Oncorhynchus keta,3,3374,66.1,110,0,0,3,3.75,Primno macropa,1,0,0,100,0,1.0867417506421655,IYS,IYS:GoA2020,IYS:GoA2020:Stn25,IYS:GoA2020:Stn25:trawl,2020-03-24T23:22:00Z,2020,3,24,POINT  ( -134.035   54.5616666666667 ),0
25,-134.035,54.56166666666667,2020-03-24T23:22:00Z,36,Oncorhynchus keta,3,3374,66.1,110,0,0,3,3.75,Coelenterata gen. sp.,2,0,0,0,100,2.173483501284331,IYS,IYS:GoA2020,IYS:GoA2020:Stn25,IYS:GoA2020:Stn25:trawl,2020-03-24T23:22:00Z,2020,3,24,POINT  ( -134.035   54.5616666666667 ),0
25,-134.035,54.56166666666667,2020-03-24T23:22:00Z,36,Oncorhynchus keta,3,3374,66.1,110,0,0,3,3.75,Clione limacina,22,0,0,50,50,23.908318514127643,IYS,IYS:GoA2020,IYS:GoA2020:Stn25,IYS:GoA2020:Stn25:trawl,2020-03-24T23:22:00Z,2020,3,24,POINT  ( -134.035   54.5616666666667 ),0
25,-134.035,54.56166666666667,2020-03-24T23:22:00Z,37,Oncorhynchus nerka,14,207,26.6,65,0,4,10,41.5,Limacina helicina,17.5,0,50,50,0,39.2512077294686,IYS,IYS:GoA2020,IYS:GoA2020:Stn25,IYS:GoA2020:Stn25:trawl,2020-03-24T23:22:00Z,2020,3,24,POINT  ( -134.035   54.5616666666667 ),0
25,-134.035,54.56166666666667,2020-03-24T23:22:00Z,37,Oncorhynchus nerka,14,207,26.6,65,0,4,10,41.5,Euphausiidae gen. sp.,74,50,25,25,0,165.97653554175292,IYS,IYS:GoA2020,IYS:GoA2020:Stn25,IYS:GoA2020:Stn25:trawl,2020-03-24T23:22:00Z,2020,3,24,POINT  ( -134.035   54.5616666666667 ),0
25,-134.035,54.56166666666667,2020-03-24T23:22:00Z,37,Oncorhynchus nerka,14,207,26.6,65,0,4,10,41.5,Themisto pacifica,5,50,50,0,0,11.214630779848171,IYS,IYS:GoA2020,IYS:GoA2020:Stn25,IYS:GoA2020:Stn25:trawl,2020-03-24T23:22:00Z,2020,3,24,POINT  ( -134.035   54.5616666666667 ),0
25,-134.035,54.56166666666667,2020-03-24T23:22:00Z,37,Oncorhynchus nerka,14,207,26.6,65,0,4,10,41.5,Larvae pisces,1,50,50,0,0,2.2429261559696343,IYS,IYS:GoA2020,IYS:GoA2020:Stn25,IYS:GoA2020:Stn25:trawl,2020-03-24T23:22:00Z,2020,3,24,POINT  ( -134.035   54.5616666666667 ),0
25,-134.035,54.56166666666667,2020-03-24T23:22:00Z,37,Oncorhynchus nerka,14,207,26.6,65,0,4,10,41.5,Ova pisces,1,100,0,0,0,2.2429261559696343,IYS,IYS:GoA2020,IYS:GoA2020:Stn25,IYS:GoA2020:Stn25:trawl,2020-03-24T23:22:00Z,2020,3,24,POINT  ( -134.035   54.5616666666667 ),0
25,-134.035,54.56166666666667,2020-03-24T23:22:00Z,37,Oncorhynchus nerka,14,207,26.6,65,0,4,10,41.5,Primno macropa,1,50,50,0,0,2.2429261559696343,IYS,IYS:GoA2020,IYS:GoA2020:Stn25,IYS:GoA2020:Stn25:trawl,2020-03-24T23:22:00Z,2020,3,24,POINT  ( -134.035   54.5616666666667 ),0
25,-134.035,54.56166666666667,2020-03-24T23:22:00Z,37,Oncorhynchus nerka,14,207,26.6,65,0,4,10,41.5,Clione limacina,0.5,0,100,0,0,1.1214630779848171,IYS,IYS:GoA2020,IYS:GoA2020:Stn25,IYS:GoA2020:Stn25:trawl,2020-03-24T23:22:00Z,2020,3,24,POINT  ( -134.035   54.5616666666667 ),0
25,-134.035,54.56166666666667,2020-03-24T23:22:00Z,38,Sebastes melanops,2,1468,45,36,0,0,2,0,Euphausiidae gen. sp.,85,0,50,50,0,104.22343324250681,IYS,IYS:GoA2020,IYS:GoA2020:Stn25,IYS:GoA2020:Stn25:trawl,2020-03-24T23:22:00Z,2020,3,24,POINT  ( -134.035   54.5616666666667 ),0
25,-134.035,54.56166666666667,2020-03-24T23:22:00Z,38,Sebastes melanops,2,1468,45,36,0,0,2,0,Limacina helicina,15,0,50,50,0,18.392370572207085,IYS,IYS:GoA2020,IYS:GoA2020:Stn25,IYS:GoA2020:Stn25:trawl,2020-03-24T23:22:00Z,2020,3,24,POINT  ( -134.035   54.5616666666667 ),0
26,-132.47333333333333,54.388333333333335,1899-12-31T00:00:00Z,39,Oncorhynchus gorbuscha,1,411,32.7,11,0,0,1,0,Thysanoessa spinifera,100,0,70,15,15,267.639902676399,IYS,IYS:GoA2020,IYS:GoA2020:Stn26,IYS:GoA2020:Stn26:trawl,1899-12-31T00:00:00Z,1899,12,31,POINT  ( -132.473333333333   54.3883333333333 ),0
28,-134.02833333333334,53.416666666666664,2020-03-27T06:03:00Z,40,Oncorhynchus keta,1,1635,54.9,10,0,1,0,0,Clione limacina,93,0,50,50,0,56.88073394495413,IYS,IYS:GoA2020,IYS:GoA2020:Stn28,IYS:GoA2020:Stn28:trawl,2020-03-27T06:03:00Z,2020,3,27,POINT  ( -134.028333333333   53.4166666666667 ),0
28,-134.02833333333334,53.416666666666664,2020-03-27T06:03:00Z,40,Oncorhynchus keta,1,1635,54.9,10,0,1,0,0,Primno macropa,0.5,0,100,0,0,0.30581039755351686,IYS,IYS:GoA2020,IYS:GoA2020:Stn28,IYS:GoA2020:Stn28:trawl,2020-03-27T06:03:00Z,2020,3,27,POINT  ( -134.028333333333   53.4166666666667 ),0
28,-134.02833333333334,53.416666666666664,2020-03-27T06:03:00Z,40,Oncorhynchus keta,1,1635,54.9,10,0,1,0,0,Thysanoessa spinifera,5,0,50,50,0,3.058103975535168,IYS,IYS:GoA2020,IYS:GoA2020:Stn28,IYS:GoA2020:Stn28:trawl,2020-03-27T06:03:00Z,2020,3,27,POINT  ( -134.028333333333   53.4166666666667 ),0
28,-134.02833333333334,53.416666666666664,2020-03-27T06:03:00Z,40,Oncorhynchus keta,1,1635,54.9,10,0,1,0,0,Coelenterata gen. sp.,1,0,100,0,0,0.6116207951070337,IYS,IYS:GoA2020,IYS:GoA2020:Stn28,IYS:GoA2020:Stn28:trawl,2020-03-27T06:03:00Z,2020,3,27,POINT  ( -134.028333333333   53.4166666666667 ),0
28,-134.02833333333334,53.416666666666664,2020-03-27T06:03:00Z,40,Oncorhynchus keta,1,1635,54.9,10,0,1,0,0,Sagitta elegans,0.5,0,0,100,0,0.30581039755351686,IYS,IYS:GoA2020,IYS:GoA2020:Stn28,IYS:GoA2020:Stn28:trawl,2020-03-27T06:03:00Z,2020,3,27,POINT  ( -134.028333333333   53.4166666666667 ),0
29,-135.48,53.413333333333334,1899-12-31T00:00:00Z,41,Oncorhynchus keta,4,1528,53.3,6,0,4,0,46,Clione limacina,60,50,25,25,0,5.890052356020942,IYS,IYS:GoA2020,IYS:GoA2020:Stn29,IYS:GoA2020:Stn29:trawl,1899-12-31T00:00:00Z,1899,12,31,POINT  ( -135.48   53.4133333333333 ),0
29,-135.48,53.413333333333334,1899-12-31T00:00:00Z,41,Oncorhynchus keta,4,1528,53.3,6,0,4,0,46,Limacina helicina,32,50,25,25,0,3.141361256544503,IYS,IYS:GoA2020,IYS:GoA2020:Stn29,IYS:GoA2020:Stn29:trawl,1899-12-31T00:00:00Z,1899,12,31,POINT  ( -135.48   53.4133333333333 ),0
29,-135.48,53.413333333333334,1899-12-31T00:00:00Z,41,Oncorhynchus keta,4,1528,53.3,6,0,4,0,46,Euphausiidae gen. sp.,5,0,0,50,50,0.49083769633507857,IYS,IYS:GoA2020,IYS:GoA2020:Stn29,IYS:GoA2020:Stn29:trawl,1899-12-31T00:00:00Z,1899,12,31,POINT  ( -135.48   53.4133333333333 ),0
29,-135.48,53.413333333333334,1899-12-31T00:00:00Z,41,Oncorhynchus keta,4,1528,53.3,6,0,4,0,46,Cottidae gen. sp.,2,0,0,100,0,0.19633507853403143,IYS,IYS:GoA2020,IYS:GoA2020:Stn29,IYS:GoA2020:Stn29:trawl,1899-12-31T00:00:00Z,1899,12,31,POINT  ( -135.48   53.4133333333333 ),0
29,-135.48,53.413333333333334,1899-12-31T00:00:00Z,41,Oncorhynchus keta,4,1528,53.3,6,0,4,0,46,Coelenterata gen. sp.,1,0,0,50,50,0.09816753926701571,IYS,IYS:GoA2020,IYS:GoA2020:Stn29,IYS:GoA2020:Stn29:trawl,1899-12-31T00:00:00Z,1899,12,31,POINT  ( -135.48   53.4133333333333 ),0
30,-137.02833333333334,53.40833333333333,2020-03-27T23:48:00Z,42,Sebastes melanops,1,2059,52.1,55,0,0,1,55,Limacina helicina,90,50,50,0,0,240.40796503156872,IYS,IYS:GoA2020,IYS:GoA2020:Stn30,IYS:GoA2020:Stn30:trawl,2020-03-27T23:48:00Z,2020,3,27,POINT  ( -137.028333333333   53.4083333333333 ),0
30,-137.02833333333334,53.40833333333333,2020-03-27T23:48:00Z,42,Sebastes melanops,1,2059,52.1,55,0,0,1,55,Belonella borealis,10,100,0,0,0,26.711996114618746,IYS,IYS:GoA2020,IYS:GoA2020:Stn30,IYS:GoA2020:Stn30:trawl,2020-03-27T23:48:00Z,2020,3,27,POINT  ( -137.028333333333   53.4083333333333 ),0
30,-137.02833333333334,53.40833333333333,2020-03-27T23:48:00Z,43,Oncorhynchus nerka,1,1450,47.8,15,0,1,0,0.5,Limacina helicina,79,0,50,25,25,81.72413793103449,IYS,IYS:GoA2020,IYS:GoA2020:Stn30,IYS:GoA2020:Stn30:trawl,2020-03-27T23:48:00Z,2020,3,27,POINT  ( -137.028333333333   53.4083333333333 ),0
30,-137.02833333333334,53.40833333333333,2020-03-27T23:48:00Z,43,Oncorhynchus nerka,1,1450,47.8,15,0,1,0,0.5,Primno macropa,0.5,100,0,0,0,0.5172413793103449,IYS,IYS:GoA2020,IYS:GoA2020:Stn30,IYS:GoA2020:Stn30:trawl,2020-03-27T23:48:00Z,2020,3,27,POINT  ( -137.028333333333   53.4083333333333 ),0
30,-137.02833333333334,53.40833333333333,2020-03-27T23:48:00Z,43,Oncorhynchus nerka,1,1450,47.8,15,0,1,0,0.5,Pandalus sp.,0.5,0,100,0,0,0.5172413793103449,IYS,IYS:GoA2020,IYS:GoA2020:Stn30,IYS:GoA2020:Stn30:trawl,2020-03-27T23:48:00Z,2020,3,27,POINT  ( -137.028333333333   53.4083333333333 ),0
30,-137.02833333333334,53.40833333333333,2020-03-27T23:48:00Z,43,Oncorhynchus nerka,1,1450,47.8,15,0,1,0,0.5,Gonatidae gen. sp. (мол.),20,0,0,0,100,20.689655172413794,IYS,IYS:GoA2020,IYS:GoA2020:Stn30,IYS:GoA2020:Stn30:trawl,2020-03-27T23:48:00Z,2020,3,27,POINT  ( -137.028333333333   53.4083333333333 ),0
31,-137.03333333333333,52.403333333333336,2020-03-28T09:36:00Z,44,Oncorhynchus kisutch,1,338,31.5,5,0,1,0,3.5,Thysanoessa spinifera,90,0,50,50,0,133.1360946745562,IYS,IYS:GoA2020,IYS:GoA2020:Stn31,IYS:GoA2020:Stn31:trawl,2020-03-28T09:36:00Z,2020,3,28,POINT  ( -137.033333333333   52.4033333333333 ),0
31,-137.03333333333333,52.403333333333336,2020-03-28T09:36:00Z,44,Oncorhynchus kisutch,1,338,31.5,5,0,1,0,3.5,Themisto pacifica,3,100,0,0,0,4.437869822485207,IYS,IYS:GoA2020,IYS:GoA2020:Stn31,IYS:GoA2020:Stn31:trawl,2020-03-28T09:36:00Z,2020,3,28,POINT  ( -137.033333333333   52.4033333333333 ),0
31,-137.03333333333333,52.403333333333336,2020-03-28T09:36:00Z,44,Oncorhynchus kisutch,1,338,31.5,5,0,1,0,3.5,Larvae pisces,6,0,100,0,0,8.875739644970414,IYS,IYS:GoA2020,IYS:GoA2020:Stn31,IYS:GoA2020:Stn31:trawl,2020-03-28T09:36:00Z,2020,3,28,POINT  ( -137.033333333333   52.4033333333333 ),0
31,-137.03333333333333,52.403333333333336,2020-03-28T09:36:00Z,44,Oncorhynchus kisutch,1,338,31.5,5,0,1,0,3.5,Limacina helicina,1,50,50,0,0,1.4792899408284024,IYS,IYS:GoA2020,IYS:GoA2020:Stn31,IYS:GoA2020:Stn31:trawl,2020-03-28T09:36:00Z,2020,3,28,POINT  ( -137.033333333333   52.4033333333333 ),0
31,-137.03333333333333,52.403333333333336,2020-03-28T09:36:00Z,45,Oncorhynchus nerka,1,770,40.2,7,0,1,0,50,Thysanoessa spinifera,95,50,50,0,0,86.36363636363636,IYS,IYS:GoA2020,IYS:GoA2020:Stn31,IYS:GoA2020:Stn31:trawl,2020-03-28T09:36:00Z,2020,3,28,POINT  ( -137.033333333333   52.4033333333333 ),0
31,-137.03333333333333,52.403333333333336,2020-03-28T09:36:00Z,45,Oncorhynchus nerka,1,770,40.2,7,0,1,0,50,Euphausia pacifica,5,50,50,0,0,4.545454545454546,IYS,IYS:GoA2020,IYS:GoA2020:Stn31,IYS:GoA2020:Stn31:trawl,2020-03-28T09:36:00Z,2020,3,28,POINT  ( -137.033333333333   52.4033333333333 ),0
32,-138.65,52.39833333333333,2020-03-29T04:28:00Z,46,Oncorhynchus nerka,1,221,28,6,0,1,0,29.5,Themisto pacifica,8,100,0,0,0,21.71945701357466,IYS,IYS:GoA2020,IYS:GoA2020:Stn32,IYS:GoA2020:Stn32:trawl,2020-03-29T04:28:00Z,2020,3,29,POINT  ( -138.65   52.3983333333333 ),0
32,-138.65,52.39833333333333,2020-03-29T04:28:00Z,46,Oncorhynchus nerka,1,221,28,6,0,1,0,29.5,Primno macropa,2,100,0,0,0,5.429864253393665,IYS,IYS:GoA2020,IYS:GoA2020:Stn32,IYS:GoA2020:Stn32:trawl,2020-03-29T04:28:00Z,2020,3,29,POINT  ( -138.65   52.3983333333333 ),0
32,-138.65,52.39833333333333,2020-03-29T04:28:00Z,46,Oncorhynchus nerka,1,221,28,6,0,1,0,29.5,Oikopleura labradoriensis,15,0,100,0,0,40.723981900452486,IYS,IYS:GoA2020,IYS:GoA2020:Stn32,IYS:GoA2020:Stn32:trawl,2020-03-29T04:28:00Z,2020,3,29,POINT  ( -138.65   52.3983333333333 ),0
32,-138.65,52.39833333333333,2020-03-29T04:28:00Z,46,Oncorhynchus nerka,1,221,28,6,0,1,0,29.5,Euphausia pacifica,74,25,50,25,0,200.9049773755656,IYS,IYS:GoA2020,IYS:GoA2020:Stn32,IYS:GoA2020:Stn32:trawl,2020-03-29T04:28:00Z,2020,3,29,POINT  ( -138.65   52.3983333333333 ),0
32,-138.65,52.39833333333333,2020-03-29T04:28:00Z,46,Oncorhynchus nerka,1,221,28,6,0,1,0,29.5,Limacina helicina,1,100,0,0,0,2.7149321266968327,IYS,IYS:GoA2020,IYS:GoA2020:Stn32,IYS:GoA2020:Stn32:trawl,2020-03-29T04:28:00Z,2020,3,29,POINT  ( -138.65   52.3983333333333 ),0
34,-138.555,50.405,2020-03-31T12:25:00Z,47,Oncorhynchus kisutch,2,859,43,0.2,0,2,0,0,Euphausia pacifica,100,0,100,0,0,1.1641443538998837,IYS,IYS:GoA2020,IYS:GoA2020:Stn34,IYS:GoA2020:Stn34:trawl,2020-03-31T12:25:00Z,2020,3,31,POINT  ( -138.555   50.405 ),0
34,-138.555,50.405,2020-03-31T12:25:00Z,48,Oncorhynchus nerka,2,463,35.8,0.2,0,2,0,0,Euphausia pacifica,100,0,100,0,0,2.1598272138228944,IYS,IYS:GoA2020,IYS:GoA2020:Stn34,IYS:GoA2020:Stn34:trawl,2020-03-31T12:25:00Z,2020,3,31,POINT  ( -138.555   50.405 ),0
36,-140.00333333333333,49.43666666666667,2020-04-01T05:36:00Z,49,Oncorhynchus keta,1,917,48.2,5,0,1,0,2.4,Tomopteris sp.,93,0,50,50,0,50.708833151581246,IYS,IYS:GoA2020,IYS:GoA2020:Stn36,IYS:GoA2020:Stn36:trawl,2020-04-01T05:36:00Z,2020,4,1,POINT  ( -140.003333333333   49.4366666666667 ),0
36,-140.00333333333333,49.43666666666667,2020-04-01T05:36:00Z,49,Oncorhynchus keta,1,917,48.2,5,0,1,0,2.4,Euphausia pacifica,4,60,20,20,0,2.1810250817884405,IYS,IYS:GoA2020,IYS:GoA2020:Stn36,IYS:GoA2020:Stn36:trawl,2020-04-01T05:36:00Z,2020,4,1,POINT  ( -140.003333333333   49.4366666666667 ),0
36,-140.00333333333333,49.43666666666667,2020-04-01T05:36:00Z,49,Oncorhynchus keta,1,917,48.2,5,0,1,0,2.4,Coelenterata gen. sp.,3,0,0,0,100,1.6357688113413305,IYS,IYS:GoA2020,IYS:GoA2020:Stn36,IYS:GoA2020:Stn36:trawl,2020-04-01T05:36:00Z,2020,4,1,POINT  ( -140.003333333333   49.4366666666667 ),0
47,-131.06833333333333,48.406666666666666,2020-04-05T13:36:00Z,50,Oncorhynchus kisutch,4,846,42.1,17,2,1,1,0,Okutania anonycha,100,0,70,30,0,50.23640661938535,IYS,IYS:GoA2020,IYS:GoA2020:Stn47,IYS:GoA2020:Stn47:trawl,2020-04-05T13:36:00Z,2020,4,5,POINT  ( -131.068333333333   48.4066666666667 ),0
47,-131.06833333333333,48.406666666666666,2020-04-05T13:36:00Z,51,Oncorhynchus nerka,1,156,25.3,0,1,0,0,0,пустой желудок,100,0,0,0,0,0,IYS,IYS:GoA2020,IYS:GoA2020:Stn47,IYS:GoA2020:Stn47:trawl,2020-04-05T13:36:00Z,2020,4,5,POINT  ( -131.068333333333   48.4066666666667 ),0
47,-131.06833333333333,48.406666666666666,2020-04-05T13:36:00Z,52,Oncorhynchus keta,2,1697,55.7,0.3,0,2,0,0,Coelenterata gen. sp.,35,0,0,0,100,0.30936947554507954,IYS,IYS:GoA2020,IYS:GoA2020:Stn47,IYS:GoA2020:Stn47:trawl,2020-04-05T13:36:00Z,2020,4,5,POINT  ( -131.068333333333   48.4066666666667 ),0
47,-131.06833333333333,48.406666666666666,2020-04-05T13:36:00Z,52,Oncorhynchus keta,2,1697,55.7,0.3,0,2,0,0,Beroe cucumis,10,0,0,0,100,0.0883912787271656,IYS,IYS:GoA2020,IYS:GoA2020:Stn47,IYS:GoA2020:Stn47:trawl,2020-04-05T13:36:00Z,2020,4,5,POINT  ( -131.068333333333   48.4066666666667 ),0
47,-131.06833333333333,48.406666666666666,2020-04-05T13:36:00Z,52,Oncorhynchus keta,2,1697,55.7,0.3,0,2,0,0,Euphausiidae gen. sp.,55,0,0,100,0,0.4861520329994108,IYS,IYS:GoA2020,IYS:GoA2020:Stn47,IYS:GoA2020:Stn47:trawl,2020-04-05T13:36:00Z,2020,4,5,POINT  ( -131.068333333333   48.4066666666667 ),0
47,-131.06833333333333,48.406666666666666,2020-04-05T13:36:00Z,53,Oncorhynchus keta,1,260,29,0.1,0,1,0,0,Oikopleura labradoriensis,60,0,0,100,0,2.3076923076923075,IYS,IYS:GoA2020,IYS:GoA2020:Stn47,IYS:GoA2020:Stn47:trawl,2020-04-05T13:36:00Z,2020,4,5,POINT  ( -131.068333333333   48.4066666666667 ),0
47,-131.06833333333333,48.406666666666666,2020-04-05T13:36:00Z,53,Oncorhynchus keta,1,260,29,0.1,0,1,0,0,Euphausiidae gen. sp.,40,0,0,100,0,1.5384615384615385,IYS,IYS:GoA2020,IYS:GoA2020:Stn47,IYS:GoA2020:Stn47:trawl,2020-04-05T13:36:00Z,2020,4,5,POINT  ( -131.068333333333   48.4066666666667 ),0
51,-126.19999999999999,48.47666666666667,2020-04-06T14:55:00Z,54,Oncorhynchus tschawytscha,2,1712,51.5,44,0,1,1,20,Cephalopoda sp.,37,0,0,100,0,47.546728971962615,IYS,IYS:GoA2020,IYS:GoA2020:Stn51,IYS:GoA2020:Stn51:trawl,2020-04-06T14:55:00Z,2020,4,6,POINT  ( -126.2   48.4766666666667 ),0
51,-126.19999999999999,48.47666666666667,2020-04-06T14:55:00Z,54,Oncorhynchus tschawytscha,2,1712,51.5,44,0,1,1,20,Pisces p/p,25,0,0,50,50,32.126168224299064,IYS,IYS:GoA2020,IYS:GoA2020:Stn51,IYS:GoA2020:Stn51:trawl,2020-04-06T14:55:00Z,2020,4,6,POINT  ( -126.2   48.4766666666667 ),0
51,-126.19999999999999,48.47666666666667,2020-04-06T14:55:00Z,54,Oncorhynchus tschawytscha,2,1712,51.5,44,0,1,1,20,Sebastes sp.,2,100,0,0,0,2.5700934579439254,IYS,IYS:GoA2020,IYS:GoA2020:Stn51,IYS:GoA2020:Stn51:trawl,2020-04-06T14:55:00Z,2020,4,6,POINT  ( -126.2   48.4766666666667 ),0
51,-126.19999999999999,48.47666666666667,2020-04-06T14:55:00Z,54,Oncorhynchus tschawytscha,2,1712,51.5,44,0,1,1,20,Euphausiidae gen. sp.,18,0,0,50,50,23.130841121495326,IYS,IYS:GoA2020,IYS:GoA2020:Stn51,IYS:GoA2020:Stn51:trawl,2020-04-06T14:55:00Z,2020,4,6,POINT  ( -126.2   48.4766666666667 ),0
51,-126.19999999999999,48.47666666666667,2020-04-06T14:55:00Z,54,Oncorhynchus tschawytscha,2,1712,51.5,44,0,1,1,20,Thysanoessa spinifera,18,100,0,0,0,23.130841121495326,IYS,IYS:GoA2020,IYS:GoA2020:Stn51,IYS:GoA2020:Stn51:trawl,2020-04-06T14:55:00Z,2020,4,6,POINT  ( -126.2   48.4766666666667 ),0
52,-125.44666666666666,48.505,2020-04-06T19:25:00Z,55,Oncorhynchus tschawytscha,5,458,32.8,17,1,2,2,52,Sebastes sp.,10,100,0,0,0,7.4235807860262,IYS,IYS:GoA2020,IYS:GoA2020:Stn52,IYS:GoA2020:Stn52:trawl,2020-04-06T19:25:00Z,2020,4,6,POINT  ( -125.446666666667   48.505 ),0
52,-125.44666666666666,48.505,2020-04-06T19:25:00Z,55,Oncorhynchus tschawytscha,5,458,32.8,17,1,2,2,52,Thysanoessa spinifera,80,50,25,25,0,59.3886462882096,IYS,IYS:GoA2020,IYS:GoA2020:Stn52,IYS:GoA2020:Stn52:trawl,2020-04-06T19:25:00Z,2020,4,6,POINT  ( -125.446666666667   48.505 ),0
52,-125.44666666666666,48.505,2020-04-06T19:25:00Z,55,Oncorhynchus tschawytscha,5,458,32.8,17,1,2,2,52,Zoea brachyura,6,0,0,50,50,4.45414847161572,IYS,IYS:GoA2020,IYS:GoA2020:Stn52,IYS:GoA2020:Stn52:trawl,2020-04-06T19:25:00Z,2020,4,6,POINT  ( -125.446666666667   48.505 ),0
52,-125.44666666666666,48.505,2020-04-06T19:25:00Z,55,Oncorhynchus tschawytscha,5,458,32.8,17,1,2,2,52,Limacina helicina,2,100,0,0,0,1.48471615720524,IYS,IYS:GoA2020,IYS:GoA2020:Stn52,IYS:GoA2020:Stn52:trawl,2020-04-06T19:25:00Z,2020,4,6,POINT  ( -125.446666666667   48.505 ),0
52,-125.44666666666666,48.505,2020-04-06T19:25:00Z,55,Oncorhynchus tschawytscha,5,458,32.8,17,1,2,2,52,Digested food,2,0,0,0,100,1.48471615720524,IYS,IYS:GoA2020,IYS:GoA2020:Stn52,IYS:GoA2020:Stn52:trawl,2020-04-06T19:25:00Z,2020,4,6,POINT  ( -125.446666666667   48.505 ),0
52,-125.44666666666666,48.505,2020-04-06T19:25:00Z,56,Oncorhynchus tschawytscha,1,2078,54.4,18,0,0,1,0,Doryteuthis opalescens,38,0,0,100,0,32.916265640038496,IYS,IYS:GoA2020,IYS:GoA2020:Stn52,IYS:GoA2020:Stn52:trawl,2020-04-06T19:25:00Z,2020,4,6,POINT  ( -125.446666666667   48.505 ),0
52,-125.44666666666666,48.505,2020-04-06T19:25:00Z,56,Oncorhynchus tschawytscha,1,2078,54.4,18,0,0,1,0,Thysanoessa spinifera,62,0,100,0,0,53.705486044273336,IYS,IYS:GoA2020,IYS:GoA2020:Stn52,IYS:GoA2020:Stn52:trawl,2020-04-06T19:25:00Z,2020,4,6,POINT  ( -125.446666666667   48.505 ),0
52,-125.44666666666666,48.505,2020-04-06T19:25:00Z,57,Oncorhynchus tschawytscha,17,235,26.6,70,0,8,9,7.5,Ophiodon elongatus,1.5,100,0,0,0,2.6282853566958693,IYS,IYS:GoA2020,IYS:GoA2020:Stn52,IYS:GoA2020:Stn52:trawl,2020-04-06T19:25:00Z,2020,4,6,POINT  ( -125.446666666667   48.505 ),0
52,-125.44666666666666,48.505,2020-04-06T19:25:00Z,57,Oncorhynchus tschawytscha,17,235,26.6,70,0,8,9,7.5,Anarhichthys ocellatus,3,100,0,0,0,5.2565707133917385,IYS,IYS:GoA2020,IYS:GoA2020:Stn52,IYS:GoA2020:Stn52:trawl,2020-04-06T19:25:00Z,2020,4,6,POINT  ( -125.446666666667   48.505 ),0
52,-125.44666666666666,48.505,2020-04-06T19:25:00Z,57,Oncorhynchus tschawytscha,17,235,26.6,70,0,8,9,7.5,Zoarcidae,1,50,50,0,0,1.7521902377972465,IYS,IYS:GoA2020,IYS:GoA2020:Stn52,IYS:GoA2020:Stn52:trawl,2020-04-06T19:25:00Z,2020,4,6,POINT  ( -125.446666666667   48.505 ),0
52,-125.44666666666666,48.505,2020-04-06T19:25:00Z,57,Oncorhynchus tschawytscha,17,235,26.6,70,0,8,9,7.5,Pleuronectidae,3,0,50,50,0,5.2565707133917385,IYS,IYS:GoA2020,IYS:GoA2020:Stn52,IYS:GoA2020:Stn52:trawl,2020-04-06T19:25:00Z,2020,4,6,POINT  ( -125.446666666667   48.505 ),0
52,-125.44666666666666,48.505,2020-04-06T19:25:00Z,57,Oncorhynchus tschawytscha,17,235,26.6,70,0,8,9,7.5,Thysanoessa spinifera,80,0,90,10,0,140.1752190237797,IYS,IYS:GoA2020,IYS:GoA2020:Stn52,IYS:GoA2020:Stn52:trawl,2020-04-06T19:25:00Z,2020,4,6,POINT  ( -125.446666666667   48.505 ),0
52,-125.44666666666666,48.505,2020-04-06T19:25:00Z,57,Oncorhynchus tschawytscha,17,235,26.6,70,0,8,9,7.5,Zoea brachyura,5,50,50,0,0,8.760951188986231,IYS,IYS:GoA2020,IYS:GoA2020:Stn52,IYS:GoA2020:Stn52:trawl,2020-04-06T19:25:00Z,2020,4,6,POINT  ( -125.446666666667   48.505 ),0
52,-125.44666666666666,48.505,2020-04-06T19:25:00Z,57,Oncorhynchus tschawytscha,17,235,26.6,70,0,8,9,7.5,Limacina helicina,6,0,100,0,0,10.513141426783477,IYS,IYS:GoA2020,IYS:GoA2020:Stn52,IYS:GoA2020:Stn52:trawl,2020-04-06T19:25:00Z,2020,4,6,POINT  ( -125.446666666667   48.505 ),0
52,-125.44666666666666,48.505,2020-04-06T19:25:00Z,57,Oncorhynchus tschawytscha,17,235,26.6,70,0,8,9,7.5,Clione limacina,0.5,0,100,0,0,0.8760951188986232,IYS,IYS:GoA2020,IYS:GoA2020:Stn52,IYS:GoA2020:Stn52:trawl,2020-04-06T19:25:00Z,2020,4,6,POINT  ( -125.446666666667   48.505 ),0
52,-125.44666666666666,48.505,2020-04-06T19:25:00Z,58,Clupea pallasii,7,72,19.9,16,2,0,5,7,Larvae pisces,2,100,0,0,0,6.34920634920635,IYS,IYS:GoA2020,IYS:GoA2020:Stn52,IYS:GoA2020:Stn52:trawl,2020-04-06T19:25:00Z,2020,4,6,POINT  ( -125.446666666667   48.505 ),0
52,-125.44666666666666,48.505,2020-04-06T19:25:00Z,58,Clupea pallasii,7,72,19.9,16,2,0,5,7,Limacina helicina,10,50,50,0,0,31.746031746031747,IYS,IYS:GoA2020,IYS:GoA2020:Stn52,IYS:GoA2020:Stn52:trawl,2020-04-06T19:25:00Z,2020,4,6,POINT  ( -125.446666666667   48.505 ),0
52,-125.44666666666666,48.505,2020-04-06T19:25:00Z,58,Clupea pallasii,7,72,19.9,16,2,0,5,7,Euphausiidae gen. sp.,87,0,50,50,0,276.1904761904762,IYS,IYS:GoA2020,IYS:GoA2020:Stn52,IYS:GoA2020:Stn52:trawl,2020-04-06T19:25:00Z,2020,4,6,POINT  ( -125.446666666667   48.505 ),0
52,-125.44666666666666,48.505,2020-04-06T19:25:00Z,58,Clupea pallasii,7,72,19.9,16,2,0,5,7,Zoea brachyura,0.5,0,100,0,0,1.5873015873015874,IYS,IYS:GoA2020,IYS:GoA2020:Stn52,IYS:GoA2020:Stn52:trawl,2020-04-06T19:25:00Z,2020,4,6,POINT  ( -125.446666666667   48.505 ),0
52,-125.44666666666666,48.505,2020-04-06T19:25:00Z,58,Clupea pallasii,7,72,19.9,16,2,0,5,7,copepoda gen. sp.,0.5,0,100,0,0,1.5873015873015874,IYS,IYS:GoA2020,IYS:GoA2020:Stn52,IYS:GoA2020:Stn52:trawl,2020-04-06T19:25:00Z,2020,4,6,POINT  ( -125.446666666667   48.505 ),0
52,-125.44666666666666,48.505,2020-04-06T19:25:00Z,59,Trichodon trichodon,1,269,29,12,0,0,1,0,Clupea pallasii,100,0,0,100,0,446.09665427509293,IYS,IYS:GoA2020,IYS:GoA2020:Stn52,IYS:GoA2020:Stn52:trawl,2020-04-06T19:25:00Z,2020,4,6,POINT  ( -125.446666666667   48.505 ),0
